t_det_stamp_ns,t_det_recv_ns,t_cmd_recv_ns,approx_e2e_ms,t_cam_stamp_ns,t_cam_recv_ns,cam_to_det_ms
60099430918499,1783936687102073937,1783936687102619161,0.545,60099430918499,1783936686771646470,342.09
60099757443210,1783936687397138209,1783936687397394414,0.256,60099757443210,1783936687091282024,310.629
60100050145436,1783936687686514496,1783936687687765409,1.251,60100050145436,1783936687386236722,307.304
60100287250184,1783936687991020046,1783936688000864196,9.844,60100287250184,1783936687620894053,374.704
60100596342733,1783936688285660168,1783936688287530065,1.87,60100596342733,1783936687933549765,360.253
60100907243327,1783936688581214165,1783936688581433869,0.22,60100907243327,1783936688239393172,344.905
60101233636426,1783936688876307937,1783936688877028403,0.72,60101233636426,1783936688566926479,313.607
60101537856234,1783936689157340635,1783936689157665358,0.325,60101537856234,1783936688873976965,290.419
60101736553738,1783936689471226592,1783936689471406074,0.179,60101736553738,1783936689069134658,405.607
60102092121451,1783936689768957596,1783936689769754137,0.797,60102092121451,1783936689426888492,347.771
60102092121451,1783936689768957596,1783936690059166164,290.209,60102092121451,1783936689426888492,347.771
60102712173298,1783936690353850064,1783936690355297773,1.448,60102712173298,1783936690048076472,312.613
60102995927673,1783936690654828155,1783936690655633769,0.806,60102995927673,1783936690336510921,329.836
60103289457161,1783936690946569654,1783936690947096082,0.526,60103289457161,1783936690626483432,328.047
60103588983839,1783936691241314165,1783936691241904649,0.59,60103588983839,1783936690928813695,323.265
60103895347155,1783936691540232803,1783936691542762795,2.53,60103895347155,1783936691232376981,315.82
60104207708050,1783936691836816136,1783936691838341827,1.526,60104207708050,1783936691543893706,300.043
60104207708050,1783936691836816136,1783936692131956000,295.14,60104207708050,1783936691543893706,300.043
60104766355820,1783936692421273786,1783936692421446083,0.172,60104766355820,1783936692102477218,325.852
60105080758371,1783936692726572967,1783936692727084710,0.512,60105080758371,1783936692417176362,316.749
60105385134994,1783936693012864056,1783936693013488429,0.624,60105385134994,1783936692717956415,298.666
60105625938922,1783936693305860930,1783936693309619722,3.759,60105625938922,1783936692963802326,350.857
60105880504163,1783936693598337709,1783936693601314999,2.977,60105880504163,1783936693215781205,388.771
60106197813096,1783936693894135187,1783936693895712193,1.577,60106197813096,1783936693530889129,367.257
60106505834380,1783936694189494625,1783936694189668181,0.174,60106505834380,1783936693841209867,354.594
60106815288152,1783936694481843070,1783936694482501017,0.658,60106815288152,1783936694150818566,337.494
60107142096659,1783936694786865102,1783936694788041348,1.176,60107142096659,1783936694479128226,315.703
60107443575270,1783936695076563278,1783936695076718223,0.155,60107443575270,1783936694776178412,303.922
60107718536072,1783936695381468402,1783936695382167034,0.699,60107718536072,1783936695055871234,333.867
60108014194993,1783936695673979607,1783936695674181811,0.202,60108014194993,1783936695358532386,330.719
60108308603150,1783936695960899697,1783936695961128457,0.229,60108308603150,1783936695645131364,323.231
60108573506247,1783936696256004986,1783936696257051527,1.047,60108573506247,1783936695907044708,353.435
60108880540712,1783936696554307510,1783936696554941197,0.634,60108880540712,1783936696216480386,344.704
60109175416000,1783936696855345581,1783936696856579568,1.234,60109175416000,1783936696513189719,350.865
60109490228385,1783936697143218082,1783936697143799492,0.581,60109490228385,1783936696829387405,323.924
60109739793069,1783936697457674669,1783936697457863281,0.189,60109739793069,1783936697077873918,388.816
60110115035969,1783936697738169012,1783936697738615865,0.447,60110115035969,1783936697449702879,294.067
60110360804767,1783936698040841793,1783936698040993572,0.152,60110360804767,1783936697696362903,350.972
60110687005104,1783936698335440598,1783936698336013582,0.573,60110687005104,1783936698023999690,319.37
60110982333486,1783936698629870792,1783936698630107367,0.237,60110982333486,1783936698322830345,318.472
60111290479826,1783936698919947190,1783936698920458933,0.512,60111290479826,1783936698627386874,300.402
60111532967630,1783936699216340113,1783936699217201505,0.861,60111532967630,1783936698873865731,354.307
60111861068955,1783936699512954037,1783936699514295449,1.341,60111861068955,1783936699200240346,322.821
60112172152843,1783936699830882304,1783936699831087471,0.205,60112172152843,1783936699509856839,329.664
60112465004901,1783936700141869580,1783936700142129081,0.26,60112465004901,1783936699800619500,347.8
60112773951632,1783936700440690938,1783936700440898939,0.208,60112773951632,1783936700108409930,337.674
60113104966635,1783936700725516075,1783936700726596024,1.08,60113104966635,1783936700439896065,291.486
60113327762325,1783936701032905504,1783936701033284672,0.379,60113327762325,1783936700659824817,376.078
60113327762325,1783936701032905504,1783936701315277131,282.372,60113327762325,1783936700659824817,376.078
60113700226916,1783936701315839151,1783936701609973898,294.135,60113700226916,1783936701037263206,286.547
60114278536668,1783936701906169672,1783936701909702297,3.533,60114278536668,1783936701620229531,298.568
60114568612325,1783936702191553088,1783936702192470999,0.918,60114568612325,1783936701904077979,293.877
60114832893954,1783936702497036954,1783936702497744160,0.707,60114832893954,1783936702170056615,335.077
60115125015378,1783936702790162548,1783936702790952959,0.79,60115125015378,1783936702459271787,336.081
60115448935872,1783936703083735219,1783936703084318740,0.584,60115448935872,1783936702781899164,305.736
60115686645360,1783936703380982866,1783936703381736573,0.754,60115686645360,1783936703021773957,365.272
60116006642967,1783936703686051489,1783936703686224842,0.173,60116006642967,1783936703343551460,350.343
60116308627060,1783936703978768730,1783936703979310121,0.541,60116308627060,1783936703643236321,341.076
60116619965855,1783936704277950996,1783936704278484610,0.534,60116619965855,1783936703955364601,328.919
60116929351050,1783936704564333972,1783936704565141919,0.808,60116929351050,1783936704265574615,305.92
60117190970391,1783936704873848704,1783936704874535911,0.687,60117190970391,1783936704523234477,353.813
60117496789776,1783936705170468368,1783936705171132000,0.664,60117496789776,1783936704833811658,344.615
60117808162109,1783936705474338948,1783936705474494801,0.156,60117808162109,1783936705140199934,337.111
60118117021320,1783936705775430018,1783936705776252132,0.822,60118117021320,1783936705456171951,329.344
60118415082322,1783936706077698037,1783936706078548207,0.85,60118415082322,1783936705747212074,333.552
60118693937305,1783936706366154668,1783936706368154509,2.0,60118693937305,1783936706031540874,343.153
60118989115092,1783936706662356607,1783936706663048073,0.691,60118989115092,1783936706326321253,344.177
60119304216920,1783936706966208095,1783936706967135932,0.928,60119304216920,1783936706647564809,332.926
60119593732407,1783936707267005885,1783936707267580277,0.574,60119593732407,1783936706931598793,344.208
60119908069769,1783936707561975634,1783936707563465640,1.49,60119908069769,1783936707242729864,324.84
60119908069769,1783936707561975634,1783936707856395863,294.42,60119908069769,1783936707242729864,324.84
60120468812838,1783936708150187144,1783936708150782202,0.595,60120468812838,1783936707801239165,352.31
60120782162622,1783936708448047682,1783936708448590999,0.543,60120782162622,1783936708115942473,336.82
60121090426645,1783936708739660751,1783936708740825663,1.165,60121090426645,1783936708425862095,320.172
60121356094779,1783936709036064857,1783936709036656415,0.592,60121356094779,1783936708688888163,350.905
60121681097701,1783936709339151267,1783936709341479332,2.328,60121681097701,1783936709023171992,328.989
60121990881489,1783936709644625390,1783936709645320134,0.695,60121990881489,1783936709325592788,324.678
60122274181970,1783936709944322843,1783936709944814956,0.492,60122274181970,1783936709606743520,341.076
60122585231411,1783936710236933804,1783936710239263684,2.33,60122585231411,1783936709923228297,322.637
60122858826057,1783936710536572737,1783936710537504834,0.932,60122858826057,1783936710190935957,348.684
60123141534795,1783936710848306515,1783936710848757220,0.451,60123141534795,1783936710475935555,377.706
60123509434921,1783936711140756457,1783936711141626997,0.871,60123509434921,1783936710843011549,302.266
60123755336366,1783936711438750902,1783936711439401923,0.651,60123755336366,1783936711090604556,354.349
60124080082139,1783936711735780158,1783936711740955882,5.176,60124080082139,1783936711415353199,326.635
60124333873022,1783936712039962053,1783936712040780427,0.818,60124333873022,1783936711671043645,377.024
60124694428545,1783936712342199922,1783936712342696739,0.497,60124694428545,1783936712027826617,318.706
60124942836222,1783936712645339702,1783936712645516407,0.177,60124942836222,1783936712275499920,373.438
60125251809988,1783936712949364616,1783936712949888284,0.524,60125251809988,1783936712590118505,368.489
60125570518921,1783936713251690411,1783936713251852096,0.162,60125570518921,1783936712903580584,352.106
60125570518921,1783936713251690411,1783936713552692238,301.002,60125570518921,1783936712903580584,352.106
60125880897563,1783936713554702097,1783936713862334006,307.632,60125880897563,1783936713212965796,344.74
60126498495407,1783936714145603708,1783936714145778968,0.175,60126498495407,1783936713833473856,318.043
60126745077095,1783936714444925083,1783936714445166584,0.242,60126745077095,1783936714081347363,370.783
60126745077095,1783936714444925083,1783936714768976297,324.051,60126745077095,1783936714081347363,370.783
60127364603206,1783936715086925727,1783936715087092449,0.167,60127364603206,1783936714702304535,393.257
60127672469282,1783936715386412473,1783936715387533126,1.121,60127672469282,1783936715012888289,384.878
60127990592194,1783936715689266418,1783936715689426437,0.16,60127990592194,1783936715326434701,369.609
60128300577445,1783936716008898780,1783936716009963673,1.065,60128300577445,1783936715633917146,379.257
60128616065828,1783936716336142413,1783936716337937068,1.795,60128616065828,1783936715948369284,391.014
60128995769647,1783936716624832784,1783936716625814973,0.982,60128995769647,1783936716331083190,299.999
60129292877218,1783936716933404455,1783936716935068980,1.665,60129292877218,1783936716628493909,311.463
60129598500562,1783936717215141890,1783936717216597952,1.456,60129598500562,1783936716938966458,287.577
60129849044395,1783936717502913906,1783936717504064892,1.151,60129849044395,1783936717184411567,324.804
60130099364819,1783936717794742696,1783936717795570162,0.827,60130099364819,1783936717435768791,366.312
60130409075290,1783936718087897750,1783936718088543975,0.646,60130409075290,1783936717741886656,349.758
60130735939402,1783936718377546087,1783936718378115830,0.57,60130735939402,1783936718073163804,312.541
60131031356447,1783936718656705661,1783936718657935536,1.23,60131031356447,1783936718363198161,296.284
60131313249865,1783936718951376462,1783936718951815742,0.439,60131313249865,1783936718648949612,309.061
60131601556752,1783936719247408120,1783936719249930445,2.522,60131601556752,1783936718935320436,316.786
60131916052927,1783936719547075552,1783936719549809118,2.734,60131916052927,1783936719248460921,301.957
60131916052927,1783936719547075552,1783936719828375356,281.3,60131916052927,1783936719248460921,301.957
60132496440012,1783936720125024257,1783936720125266703,0.242,60132496440012,1783936719835085345,299.518
60132770421306,1783936720407803493,1783936720407976790,0.173,60132770421306,1783936720108066561,308.317
60133015655914,1783936720700985602,1783936720701679809,0.694,60133015655914,1783936720350375694,356.264
60133354279442,1783936720987579001,1783936720987746391,0.167,60133354279442,1783936720692301383,304.234
60133576385810,1783936721281468225,1783936721282141727,0.674,60133576385810,1783936720907957468,376.018
60133576385810,1783936721281468225,1783936721580438505,298.97,60133576385810,1783936720907957468,376.018
60134204885713,1783936721870035137,1783936721870207694,0.173,60134204885713,1783936721537244966,336.083
60134526449341,1783936722161589203,1783936722168469360,6.88,60134526449341,1783936721859179484,306.074
60134526449341,1783936722161589203,1783936722448692030,287.103,60134526449341,1783936721859179484,306.074
60134780271852,1783936722449840904,1783936722743820239,293.979,60134780271852,1783936722113973443,340.503
60135385873886,1783936723037549628,1783936723037730388,0.181,60135385873886,1783936722719919960,322.61
60135692065657,1783936723318209707,1783936723318376059,0.166,60135692065657,1783936723030179692,297.078
60135943941142,1783936723612658043,1783936723612818433,0.16,60135943941142,1783936723277326306,339.651
60136255876121,1783936723894909683,1783936723896158448,1.249,60136255876121,1783936723590475845,309.97
60136508483219,1783936724190891822,1783936724191050341,0.159,60136508483219,1783936723845568694,353.343
60136815825717,1783936724470158987,1783936724470340062,0.181,60136815825717,1783936724149023455,325.267
60137065191951,1783936724768986007,1783936724770515976,1.53,60137065191951,1783936724396838905,374.731
60137392720805,1783936725046531203,1783936725047108502,0.577,60137392720805,1783936724729927947,324.745
60137685729821,1783936725323780287,1783936725324289955,0.51,60137685729821,1783936725018192018,308.986
60137939203626,1783936725614901221,1783936725615888539,0.987,60137939203626,1783936725274078463,346.633
60138248478742,1783936725896323098,1783936725898180383,1.857,60138248478742,1783936725580861643,318.782
60138497974773,1783936726186631936,1783936726187790978,1.159,60138497974773,1783936725833250074,359.594
60138839792645,1783936726479161968,1783936726479341543,0.18,60138839792645,1783936726173178569,310.304
60139113083046,1783936726764494453,1783936726765506253,1.012,60139113083046,1783936726451788342,322.347
60139404113554,1783936727060483276,1783936727060990445,0.507,60139404113554,1783936726742202033,327.304
60139700265322,1783936727346916766,1783936727347575713,0.659,60139700265322,1783936727039847751,317.587
60139928194805,1783936727640879766,1783936727641911899,1.032,60139928194805,1783936727263892182,383.623
60140256397661,1783936727933900151,1783936727934393616,0.493,60140256397661,1783936727591618647,348.437
60140550726607,1783936728220696438,1783936728221290644,0.594,60140550726607,1783936727883014638,340.905
60140863412773,1783936728503390838,1783936728503873174,0.482,60140863412773,1783936728195638711,310.913
60141124389848,1783936728800169405,1783936728801263039,1.094,60141124389848,1783936728458666053,346.714
60141427325272,1783936729088289512,1783936729088799792,0.51,60141427325272,1783936728761864385,331.899
60141737332964,1783936729379464371,1783936729381103785,1.639,60141737332964,1783936729072776007,313.066
60141991946773,1783936729687916594,1783936729688205891,0.289,60141991946773,1783936729332622040,366.904
60142308985826,1783936729971950277,1783936729972601409,0.651,60142308985826,1783936729644093923,333.9
60142615529801,1783936730257062298,1783936730258186747,1.124,60142615529801,1783936729953351223,312.47
60142891241266,1783936730546371131,1783936730547060615,0.689,60142891241266,1783936730224421504,326.065
60143168817480,1783936730837025507,1783936730838514920,1.489,60143168817480,1783936730500816546,339.162
60143420536463,1783936731130290170,1783936731130931932,0.642,60143420536463,1783936730757974513,380.688
60143720855820,1783936731424410096,1783936731424602967,0.193,60143720855820,1783936731055912398,374.489
60144060939815,1783936731722104036,1783936731722676964,0.573,60144060939815,1783936731400061612,332.099
60144373356442,1783936732014502177,1783936732014847345,0.345,60144373356442,1783936731706732346,312.081
60144680170065,1783936732305195775,1783936732305982148,0.786,60144680170065,1783936732016061609,295.962
60144680170065,1783936732305195775,1783936732610687190,305.491,60144680170065,1783936732016061609,295.962
60145272242413,1783936732893501904,1783936732893745479,0.244,60145272242413,1783936732607649604,292.194
60145537014817,1783936733172923791,1783936733173111681,0.188,60145537014817,1783936732877385045,306.843
60145765865006,1783936733483597744,1783936733483798134,0.2,60145765865006,1783936733097878832,388.667
60146088885952,1783936733773251504,1783936733773987248,0.736,60146088885952,1783936733423314898,355.3
60146393579308,1783936734055870144,1783936734056616592,0.746,60146393579308,1783936733732068325,333.226
60146634322266,1783936734362011913,1783936734362188173,0.176,60146634322266,1783936733967866134,398.624
60147014283230,1783936734640834667,1783936734641001631,0.167,60147014283230,1783936734354058604,297.486
60147256992306,1783936734939493314,1783936734939686778,0.193,60147256992306,1783936734596786829,353.437
60147567318591,1783936735223661274,1783936735223886331,0.225,60147567318591,1783936734906793353,327.277
60147816587730,1783936735516346305,1783936735516549028,0.203,60147816587730,1783936735148296258,370.693
60148131108105,1783936735815656658,1783936735815862770,0.206,60148131108105,1783936735467802745,355.484
60148434710827,1783936736104660730,1783936736105184398,0.524,60148434710827,1783936735766996264,340.885
60148750387114,1783936736400061197,1783936736400539772,0.479,60148750387114,1783936736091250048,320.609
60149060279896,1783936736676228737,1783936736676781591,0.553,60149060279896,1783936736395588531,286.884
60149307040488,1783936736968046838,1783936736971759667,3.713,60149307040488,1783936736640508542,331.941
60149634873711,1783936737253240543,1783936737253773378,0.533,60149634873711,1783936736972888227,289.304
60149860638314,1783936737542014002,1783936737542858876,0.845,60149860638314,1783936737194140701,352.312
60150174256019,1783936737833665936,1783936737835150238,1.484,60150174256019,1783936737507062773,330.344
60150485427473,1783936738128075306,1783936738128552085,0.477,60150485427473,1783936737821993038,313.583
60150734891946,1783936738433469534,1783936738433643145,0.174,60150734891946,1783936738073952761,369.512
60151073689044,1783936738730590544,1783936738731246713,0.656,60151073689044,1783936738410015905,327.837
60151372706766,1783936739021461419,1783936739021933661,0.472,60151372706766,1783936738704671091,319.689
60151676142615,1783936739312811999,1783936739315020896,2.209,60151676142615,1783936739012250383,307.604
60151976040081,1783936739599538283,1783936739599754043,0.216,60151976040081,1783936739312070126,294.433
60152235199776,1783936739890780382,1783936739891252365,0.472,60152235199776,1783936739571986861,326.515
60152528908143,1783936740183352781,1783936740183512689,0.16,60152528908143,1783936739862781402,325.379
60152838138145,1783936740470422122,1783936740471191922,0.77,60152838138145,1783936740172689054,303.219
60153105952559,1783936740763759062,1783936740764324731,0.566,60153105952559,1783936740439021407,328.743
60153405053447,1783936741047473279,1783936741048262893,0.79,60153405053447,1783936740741608605,313.355
60153652301263,1783936741350002661,1783936741350776016,0.773,60153652301263,1783936740986027076,368.64
60153652301263,1783936741350002661,1783936741639392697,289.39,60153652301263,1783936740986027076,368.64
60154301872850,1783936741935492110,1783936741935686685,0.195,60154301872850,1783936741636473315,304.554
60154580917900,1783936742217980340,1783936742218742232,0.762,60154580917900,1783936741918943842,308.002
60154830111112,1783936742519082458,1783936742519873239,0.791,60154830111112,1783936742162784255,359.909
60155140717822,1783936742811885710,1783936742812375656,0.49,60155140717822,1783936742475701307,342.102
60155455511363,1783936743104622535,1783936743104780925,0.158,60155455511363,1783936742788832768,320.046
60155723085128,1783936743379412439,1783936743380219868,0.807,60155723085128,1783936743054873267,327.264
60155949631603,1783936743682298397,1783936743682752232,0.454,60155949631603,1783936743282930415,403.601
60156264298496,1783936744001937068,1783936744002152272,0.215,60156264298496,1783936743598394718,408.573
60156664972001,1783936744303098296,1783936744303330575,0.232,60156664972001,1783936743998892556,309.061
60156959798575,1783936744598496243,1783936744599078468,0.582,60156959798575,1783936744297666646,309.632
60157256533527,1783936744878757927,1783936744879253892,0.496,60157256533527,1783936744595190342,293.159
60157508866732,1783936745172315089,1783936745173141481,0.826,60157508866732,1783936744841053781,334.383
60157814869220,1783936745455279506,1783936745456016361,0.737,60157814869220,1783936745157665847,311.345
60158067941539,1783936745748414185,1783936745749525022,1.111,60158067941539,1783936745400206717,351.407
60158376977983,1783936746040400470,1783936746041223140,0.823,60158376977983,1783936745711884616,334.358
60158684249550,1783936746337278015,1783936746340455638,3.178,60158684249550,1783936746017453695,323.966
60158684249550,1783936746337278015,1783936746619476428,282.198,60158684249550,1783936746017453695,323.966
60158950487161,1783936746620321617,1783936746911998086,291.676,60158950487161,1783936746287886044,340.769
