frame,t_sim_stamp_ns,t_recv_mono_ns,t_shm_write_mono_ns
1,65000000000,58463294834696,58463298317706
2,65000000000,58463327240463,58463328082688
3,65000000000,58463369309852,58463370225725
4,65000000000,58463451150976,58463452177442
5,65000000000,58463481889905,58463482844574
6,65000000000,58463560420425,58463561076872
7,0,58463609219354,58463609841301
8,50000000,58463678349865,58463678981052
9,50000000,58463733102701,58463733758481
10,150000000,58463814718157,58463815342400
11,200000000,58463855651192,58463856289008
12,200000000,58463935785995,58463936560738
13,200000000,58464060932272,58464061971182
14,200000000,58464079763793,58464080374832
15,200000000,58464125545916,58464126251604
16,200000000,58464186327456,58464187504830
17,250000000,58464254938428,58464256414877
18,250000000,58464319149757,58464320287057
19,250000000,58464372310699,58464373075646
20,300000000,58464438891479,58464439881131
21,300000000,58464506881820,58464507794508
22,300000000,58464560281522,58464561032728
23,300000000,58464621978676,58464622543567
24,300000000,58464683985387,58464685159131
25,300000000,58464748803291,58464749842998
26,300000000,58464816432630,58464817610689
27,350000000,58464886944219,58464887767833
28,350000000,58464939377604,58464941931593
29,400000000,58465039160450,58465040217620
30,450000000,58465084480757,58465085191055
31,500000000,58465128831357,58465132048441
32,500000000,58465205476780,58465206402986
33,550000000,58465256241104,58465257002439
34,600000000,58465340949459,58465341880925
35,600000000,58465379238800,58465384068648
36,700000000,58465453300714,58465456061741
37,750000000,58465496986720,58465500690546
38,800000000,58465557563074,58465560582158
39,800000000,58465639824236,58465644649529
40,850000000,58465719033593,58465720477653
41,900000000,58465752111251,58465753271329
42,950000000,58465813276737,58465815163039
43,1050000000,58465906846767,58465911514134
44,1100000000,58465932062457,58465933074441
45,1100000000,58465994292057,58465995447616
46,1100000000,58466064052051,58466065009239
47,1150000000,58466137821613,58466140211138
48,1200000000,58466185647150,58466186463504
49,1250000000,58466244874537,58466245933799
50,1350000000,58466335432262,58466336471913
51,1400000000,58466369853220,58466370802853
52,1400000000,58466430140352,58466431754431
53,1450000000,58466508856762,58466509806598
54,1500000000,58466551199893,58466552516805
55,1600000000,58466617712692,58466618572935
56,1650000000,58466695773693,58466701474433
57,1700000000,58466740555221,58466741758539
58,1700000000,58466806048720,58466807504891
59,1750000000,58466870041455,58466871324311
60,1850000000,58466960214753,58466962652816
61,1850000000,58466994235766,58466995009417
62,1950000000,58467071355357,58467072079229
63,2000000000,58467114200064,58467114990585
64,2000000000,58467180580325,58467182516127
65,2050000000,58467242957611,58467244462356
66,2150000000,58467334096264,58467335705361
67,2200000000,58467385482775,58467387105132
68,2250000000,58467427461571,58467429423763
69,2350000000,58467498619144,58467499544017
70,2400000000,58467573560376,58467576471885
71,2400000000,58467611230326,58467613011739
72,2500000000,58467697831446,58467700736789
73,2550000000,58467741882749,58467743609588
74,2600000000,58467803549829,58467805604021
75,2700000000,58467896655488,58467898627698
76,2750000000,58467947956166,58467949507485
77,2800000000,58467988469903,58467989195590
78,2900000000,58468089984495,58468092168428
79,2950000000,58468130789344,58468131941625
80,3000000000,58468181823354,58468182753764
81,3100000000,58468236157485,58468237393581
82,3150000000,58468319187557,58468320716191
83,3200000000,58468363093823,58468364227030
84,3250000000,58468431233460,58468432236296
85,3350000000,58468488173396,58468489625289
86,3400000000,58468567095900,58468568456607
87,3450000000,58468624564244,58468625664396
88,3550000000,58468700854407,58468702002632
89,3600000000,58468747862478,58468748914537
90,3650000000,58468804447098,58468806258641
91,3650000000,58468853348768,58468854285104
92,3650000000,58468918683415,58468920195327
93,3650000000,58468985392178,58468986714811
94,3700000000,58469051709105,58469053140184
95,3700000000,58469107548982,58469108453003
96,3750000000,58469185758132,58469186917136
97,3800000000,58469248970569,58469249693423
98,3850000000,58469297138440,58469298105943
99,3900000000,58469382109426,58469383784394
100,3950000000,58469417406498,58469418288927
101,4050000000,58469510553065,58469512164884
102,4100000000,58469561890965,58469563133079
103,4150000000,58469606600362,58469607217957
104,4200000000,58469667265217,58469668656240
105,4300000000,58469731678176,58469735352465
106,4350000000,58469803152564,58469804388476
107,4400000000,58469866083759,58469866810206
108,4450000000,58469911994105,58469912775145
109,4500000000,58469997263333,58469998190484
110,4550000000,58470033961002,58470034990079
111,4650000000,58470095179340,58470096404029
112,4700000000,58470176637241,58470178637451
113,4750000000,58470220513062,58470222415772
114,4850000000,58470285547004,58470287403047
115,4900000000,58470373210313,58470375214523
116,4950000000,58470421274944,58470422437688
117,5050000000,58470477509007,58470479700958
118,5100000000,58470562875068,58470563965719
119,5150000000,58470604503771,58470605702163
120,5200000000,58470676726143,58470677627868
121,5300000000,58470748615940,58470750272427
122,5350000000,58470779520369,58470781083633
123,5400000000,58470843361586,58470844834720
124,5500000000,58470908636584,58470909547365
125,5550000000,58470983390557,58470985918305
126,5600000000,58471029464607,58471031021964
127,5650000000,58471091816967,58471092761489
128,5700000000,58471156656798,58471157516541
129,5800000000,58471242799954,58471243725642
130,5800000000,58471280328274,58471281081813
131,5900000000,58471352862202,58471354327226
132,6000000000,58471405151124,58471406908537
133,6000000000,58471466336906,58471467616336
134,6100000000,58471540239432,58471541567121
135,6150000000,58471586824095,58471587740264
136,6250000000,58471660231785,58471661611438
137,6300000000,58471718124502,58471719310042
138,6350000000,58471790286892,58471791184914
139,6400000000,58471837504557,58471838952247
140,6500000000,58471927366280,58471928077153
141,6550000000,58471978089012,58471978914644
142,6650000000,58472022395760,58472023050855
143,6650000000,58472085054566,58472085934957
144,6750000000,58472161204968,58472162055934
145,6800000000,58472206718480,58472207430001
146,6850000000,58472270151103,58472271930886
147,6950000000,58472362039888,58472363354818
148,7000000000,58472406936305,58472408210994
149,7050000000,58472454620619,58472455892753
150,7150000000,58472522547145,58472523642907
151,7200000000,58472584882597,58472586237009
152,7250000000,58472660407720,58472660975463
153,7300000000,58472716079578,58472716749784
154,7350000000,58472765357231,58472766247530
155,7450000000,58472854636101,58472855252695
156,7450000000,58472892866090,58472893474888
157,7550000000,58472979377173,58472980438306
158,7600000000,58473027840767,58473028753011
159,7650000000,58473095061661,58473096248720
160,7750000000,58473167021532,58473167673812
161,7800000000,58473197350997,58473198016610
162,7850000000,58473260907027,58473261568344
163,7950000000,58473322057365,58473322830257
164,8000000000,58473399017493,58473399657569
165,8050000000,58473446614937,58473447744033
166,8150000000,58473516552931,58473517420490
167,8200000000,58473602554698,58473603374367
168,8250000000,58473648371581,58473649423566
169,8350000000,58473717361351,58473718221187
170,8400000000,58473772401744,58473773097153
171,8450000000,58473853451588,58473854153331
172,8500000000,58473887891250,58473888585160
173,8550000000,58473945803985,58473946429006
174,8650000000,58474038492347,58474039157627
175,8700000000,58474070271334,58474071060207
176,8750000000,58474147893946,58474149699877
177,8800000000,58474226436115,58474227624619
178,8850000000,58474272726222,58474273613225
179,8900000000,58474322527950,58474323168526
180,9000000000,58474384690032,58474385580424
181,9050000000,58474466232378,58474467410196
182,9100000000,58474510689608,58474514050748
183,9200000000,58474599647717,58474600696832
184,9250000000,58474643833095,58474644794413
185,9300000000,58474707696386,58474708703797
186,9400000000,58474761554646,58474762428500
187,9450000000,58474848419526,58474849384529
188,9500000000,58474888257076,58474889152153
189,9600000000,58474947843390,58474948665356
190,9650000000,58475008136800,58475009432804
191,9700000000,58475080509043,58475081309934
192,9800000000,58475137102867,58475137982110
193,9850000000,58475217136485,58475218230026
194,9900000000,58475265672340,58475266415805
195,9950000000,58475317338870,58475318189688
196,10000000000,58475379897805,58475381132494
197,10100000000,58475467047705,58475468202079
198,10150000000,58475511990030,58475513459164
199,10200000000,58475572679755,58475573616610
200,10300000000,58475626850090,58475627570277
201,10350000000,58475711747853,58475712419596
202,10350000000,58475749640045,58475750671641
203,10450000000,58475822493345,58475823154866
204,10500000000,58475865365830,58475866030888
205,10550000000,58475932821317,58475933472115
206,10650000000,58475991162609,58475991818241
207,10700000000,58476082570152,58476083230599
208,10750000000,58476125048414,58476125946639
209,10800000000,58476180228900,58476181075514
210,10850000000,58476239625362,58476240435735
211,10950000000,58476328499897,58476329410289
212,10950000000,58476364108007,58476364853825
213,11050000000,58476439750705,58476440416467
214,11100000000,58476487485668,58476488122837
215,11150000000,58476551701904,58476552916649
216,11250000000,58476612203722,58476612956983
217,11300000000,58476689594758,58476690485631
218,11350000000,58476752641102,58476753537253
219,11450000000,58476830115306,58476830903678
220,11500000000,58476860161695,58476861038679
221,11550000000,58476934547130,58476935319669
222,11600000000,58476984940268,58476985672751
223,11650000000,58477042657558,58477043625246
224,11750000000,58477133251450,58477133895211
225,11750000000,58477171158549,58477172931203
226,11850000000,58477260113233,58477261200329
227,11900000000,58477307034860,58477308624420
228,11950000000,58477371916598,58477372604526
229,12050000000,58477444212156,58477445195604
230,12100000000,58477496862079,58477497571155
231,12150000000,58477537374612,58477537998818
232,12200000000,58477620682982,58477621311502
233,12250000000,58477667012125,58477668164481
234,12350000000,58477754304045,58477754936602
235,12350000000,58477789252486,58477789850359
236,12450000000,58477870367201,58477871047222
237,12500000000,58477915138266,58477915942306
238,12550000000,58477998747026,58477999690862
239,12650000000,58478038262334,58478039476060
240,12700000000,58478115540999,58478116209372
241,12750000000,58478178953733,58478179665291
242,12850000000,58478230064947,58478230982673
243,12900000000,58478315520731,58478316360197
244,12950000000,58478359309108,58478360051462
245,13000000000,58478412095735,58478412876515
246,13050000000,58478476879566,58478478352737
247,13150000000,58478539814428,58478540986802
248,13150000000,58478613456138,58478614521345
249,13250000000,58478674806587,58478675752350
250,13300000000,58478720091172,58478720789415
251,13350000000,58478785090856,58478785787691
252,13450000000,58478853713902,58478855396815
253,13500000000,58478937866034,58478938878333
254,13550000000,58478984913328,58478986285462
255,13600000000,58479048251432,58479049276676
256,13650000000,58479098469218,58479100262964
257,13750000000,58479186197379,58479187325401
258,13750000000,58479224292997,58479227354377
259,13850000000,58479295441737,58479296615629
260,13900000000,58479341061249,58479342548161
261,13950000000,58479406310266,58479407044268
262,14050000000,58479511306685,58479513217413
263,14100000000,58479544985715,58479545647865
264,14150000000,58479610682697,58479612365332
265,14250000000,58479684217110,58479685300188
266,14300000000,58479733711912,58479735549974
267,14300000000,58479782561564,58479783490900
268,14300000000,58479834936634,58479835879952
269,14300000000,58479897301902,58479898382683
270,14300000000,58479965642984,58479966651821
271,14350000000,58480029303904,58480029918962
272,14350000000,58480085084781,58480086019821
273,14400000000,58480167100258,58480168066243
274,14500000000,58480225130901,58480226025126
275,14500000000,58480277740509,58480278748420
276,14550000000,58480339019588,58480339710516
277,14650000000,58480413746561,58480414398174
278,14700000000,58480479182690,58480479983600
279,14750000000,58480523217920,58480525398723
280,14850000000,58480585965874,58480588470826
281,14900000000,58480677982437,58480679125700
282,14950000000,58480721138442,58480721925148
283,15000000000,58480769750426,58480770596355
284,15100000000,58480834949906,58480835898983
285,15150000000,58480912595018,58480914277560
286,15200000000,58480958517309,58480959545812
287,15250000000,58481021169966,58481021947839
288,15350000000,58481098579781,58481099598080
289,15400000000,58481143255938,58481144453775
290,15450000000,58481208637511,58481209592218
291,15500000000,58481277314669,58481278574043
292,15600000000,58481355858043,58481357167788
293,15650000000,58481415539173,58481416361527
294,15700000000,58481454553220,58481455246240
295,15800000000,58481515484205,58481516976617
296,15850000000,58481579691645,58481581080539
297,15850000000,58481644760736,58481646209482
298,15950000000,58481715136677,58481715806476
299,16000000000,58481760910023,58481762620399
300,16050000000,58481825945262,58481827329396
301,16150000000,58481894964532,58481895632719
302,16200000000,58481979727295,58481980351279
303,16250000000,58482022731596,58482024493879
304,16300000000,58482074527534,58482076576670
305,16400000000,58482142379041,58482143329526
306,16450000000,58482212301518,58482213274206
307,16500000000,58482267864172,58482269149232
308,16550000000,58482320226686,58482321155208
309,16650000000,58482409984799,58482410933339
310,16650000000,58482447628453,58482448703234
311,16750000000,58482521126459,58482522087295
312,16800000000,58482607418486,58482608460212
313,16850000000,58482636239779,58482636855540
314,16900000000,58482711875699,58482712557239
315,17000000000,58482764605493,58482765273051
316,17050000000,58482846631526,58482847269435
317,17050000000,58482885855944,58482888089062
318,17150000000,58482958127557,58482960627917
319,17200000000,58483004600053,58483005516593
320,17300000000,58483068739512,58483070590258
321,17350000000,58483145549936,58483146393642
322,17400000000,58483191018725,58483193047028
323,17450000000,58483255291369,58483257058116
324,17550000000,58483330739085,58483332710906
325,17600000000,58483373740997,58483375443187
326,17700000000,58483486029123,58483487776258
327,17750000000,58483514455582,58483515226566
328,17800000000,58483578930430,58483579831692
329,17850000000,58483626626560,58483627465711
330,17950000000,58483692851525,58483693995325
331,18000000000,58483781908117,58483782546896
332,18050000000,58483826909682,58483827850130
333,18150000000,58483882339892,58483883198968
334,18200000000,58483944896697,58483945757644
335,18250000000,58484031044076,58484031703356
336,18300000000,58484083726814,58484085933839
337,18400000000,58484155815982,58484156658689
338,18450000000,58484204965598,58484205753193
339,18550000000,58484249912664,58484250917482
340,18600000000,58484311801319,58484314141067
341,18650000000,58484389766820,58484392182309
342,18700000000,58484438173656,58484439547753
343,18800000000,58484503194191,58484504328880
344,18850000000,58484579442706,58484580210153
345,18900000000,58484626116981,58484627832079
346,18950000000,58484690249476,58484691790426
347,19050000000,58484770738171,58484771879045
348,19100000000,58484811048111,58484812449430
349,19150000000,58484899422664,58484901149169
350,19250000000,58484938480174,58484940478847
351,19300000000,58485011300511,58485012335403
352,19350000000,58485058897696,58485060253312
353,19400000000,58485136958328,58485137959368
354,19400000000,58485193675634,58485195364361
355,19400000000,58485241588634,58485242766490
356,19400000000,58485305372962,58485307916118
357,19400000000,58485371923225,58485374426047
358,19400000000,58485439637694,58485441409255
359,19450000000,58485497153243,58485498560118
360,19450000000,58485554590274,58485555843907
361,19550000000,58485647222210,58485648773752
362,19600000000,58485678160510,58485679102476
363,19650000000,58485773752696,58485774592902
364,19700000000,58485818110963,58485819032725
365,19750000000,58485863174529,58485864204570
366,19850000000,58485929460513,58485930452646
367,19900000000,58485990751148,58485991757466
368,19950000000,58486070601896,58486071346139
369,20000000000,58486120037439,58486122001445
370,20050000000,58486181357574,58486182398374
371,20150000000,58486266965210,58486267861139
372,20150000000,58486304073178,58486305179977
373,20250000000,58486368723971,58486370110309
374,20300000000,58486446795325,58486448947535
375,20350000000,58486505155932,58486506371566
376,20450000000,58486580137091,58486581056168
377,20500000000,58486628414075,58486629135670
378,20550000000,58486682137427,58486684037433
379,20600000000,58486767617082,58486768355602
380,20650000000,58486812845463,58486813734077
381,20700000000,58486859209903,58486860152721
382,20800000000,58486953239733,58486954404051
383,20850000000,58486984225811,58486985447703
384,20900000000,58487062556480,58487063628724
385,21000000000,58487118582339,58487119355249
386,21050000000,58487201298263,58487202308118
387,21100000000,58487247884908,58487249069282
388,21150000000,58487336121108,58487336908333
389,21150000000,58487363778861,58487364466993
390,21150000000,58487430929792,58487431918573
391,21150000000,58487478838459,58487479601554
392,21150000000,58487540213002,58487541100672
393,21150000000,58487605662039,58487606324967
394,21200000000,58487676504907,58487677181502
395,21200000000,58487728845903,58487729523906
396,21250000000,58487808486133,58487809262024
397,21300000000,58487857196914,58487857847619
398,21350000000,58487915834411,58487916523024
399,21400000000,58488013360177,58488014039161
400,21450000000,58488055845217,58488056558348
401,21500000000,58488120207917,58488121076993
402,21600000000,58488202858877,58488204074344
403,21650000000,58488233682640,58488234508531
404,21700000000,58488314849503,58488315651710
405,21750000000,58488360613331,58488361333870
406,21800000000,58488419189976,58488419848867
407,21900000000,58488507672807,58488508561902
408,21900000000,58488542475878,58488543226751
409,22000000000,58488606754930,58488607628247
410,22050000000,58488690296912,58488691239933
411,22050000000,58488728730216,58488729681053
412,22150000000,58488804826064,58488806020272
413,22200000000,58488849562555,58488851254449
414,22300000000,58488925128827,58488926595461
415,22350000000,58488989347342,58488990190863
416,22400000000,58489033075533,58489034075518
417,22500000000,58489122429163,58489123036054
418,22500000000,58489160618874,58489162231602
419,22600000000,58489253252570,58489254832260
420,22650000000,58489295679776,58489296602427
421,22700000000,58489348537348,58489350744929
422,22800000000,58489407818699,58489408842054
423,22850000000,58489470081485,58489471382785
424,22900000000,58489551436164,58489552572704
425,23000000000,58489622121661,58489623245684
426,23050000000,58489670634794,58489672496689
427,23100000000,58489736744388,58489738224689
428,23150000000,58489782239456,58489783600090
429,23250000000,58489871390122,58489872729126
430,23300000000,58489916252725,58489917826081
431,23350000000,58489968020311,58489969647502
432,23450000000,58490059510503,58490061092360
433,23500000000,58490091839956,58490094220445
434,23550000000,58490184765800,58490186228027
435,23600000000,58490236755351,58490238587949
436,23650000000,58490275915010,58490276750161
437,23700000000,58490343040626,58490344163315
438,23800000000,58490404774670,58490406004044
439,23850000000,58490482483208,58490484039102
440,23900000000,58490540774982,58490541925393
441,24000000000,58490615566733,58490618106611
442,24050000000,58490665584037,58490667074190
443,24100000000,58490709251265,58490710017694
444,24200000000,58490774868192,58490776306011
445,24250000000,58490861843018,58490862394964
446,24300000000,58490906976640,58490908448589
447,24350000000,58490973644921,58490974998759
448,24400000000,58491017228575,58491020717438
449,24500000000,58491080158197,58491081072663
450,24550000000,58491158357681,58491160289076
451,24600000000,58491207245629,58491208994172
452,24700000000,58491268847284,58491270815364
453,24750000000,58491335098564,58491336251568
454,24800000000,58491408726182,58491410205279
455,24850000000,58491455310716,58491457431241
456,24950000000,58491543778732,58491545395330
457,24950000000,58491580031011,58491581199089
458,25050000000,58491640984460,58491641992426
459,25100000000,58491745407396,58491746112454
460,25150000000,58491774605098,58491775303341
461,25250000000,58491843771684,58491844464241
462,25300000000,58491889707123,58491890450348
463,25400000000,58491951112962,58491952188373
464,25450000000,58492015850645,58492016792111
465,25500000000,58492075476608,58492077360133
466,25550000000,58492148656669,58492150117322
467,25600000000,58492202071650,58492203730748
468,25700000000,58492264613586,58492267070575
469,25750000000,58492342829755,58492344578075
470,25850000000,58492394844750,58492396442052
471,25900000000,58492479063994,58492480465424
472,25950000000,58492525728232,58492529030575
473,26000000000,58492575248423,58492577899357
474,26050000000,58492650200786,58492651480790
475,26150000000,58492728909364,58492730278294
476,26200000000,58492775254193,58492776697124
477,26250000000,58492829610659,58492830534513
478,26350000000,58492885208147,58492886278965
479,26400000000,58492965696082,58492966795938
480,26450000000,58493011109038,58493012548802
481,26550000000,58493069544480,58493071051151
482,26600000000,58493148603726,58493149861155
483,26650000000,58493194699813,58493196512597
484,26700000000,58493286056968,58493288641291
485,26800000000,58493319878536,58493320802132
486,26850000000,58493381872933,58493384278718
487,26900000000,58493459418582,58493460228140
488,26950000000,58493508392253,58493510524648
489,27000000000,58493566207229,58493567375751
490,27100000000,58493631225598,58493631842970
491,27150000000,58493720294245,58493721191582
492,27200000000,58493769880011,58493770586365
493,27250000000,58493822575786,58493823365622
494,27300000000,58493894696085,58493895543976
495,27350000000,58493943352921,58493944726981
496,27400000000,58494009630016,58494010711001
497,27500000000,58494082542429,58494085248715
498,27600000000,58494135148537,58494136111169
499,27600000000,58494193114699,58494194485944
500,27700000000,58494270441384,58494271700647
501,27750000000,58494317089603,58494318322811
502,27850000000,58494376605103,58494378101182
503,27900000000,58494474299611,58494475135947
504,27950000000,58494507435844,58494508719014
505,27950000000,58494559974340,58494561246622
506,28000000000,58494627220105,58494628861222
507,28050000000,58494684861803,58494686110103
508,28050000000,58494761792358,58494763262473
509,28050000000,58494810410694,58494811753476
510,28050000000,58494881608768,58494882973457
511,28050000000,58494937775646,58494938586334
512,28050000000,58495004591484,58495005166060
513,28100000000,58495062265737,58495062849128
514,28100000000,58495130145208,58495132357807
515,28150000000,58495186931570,58495187947629
516,28250000000,58495249667006,58495250363434
517,28300000000,58495310206676,58495310791622
518,28300000000,58495375136619,58495375788176
519,28350000000,58495440410341,58495441193399
520,28400000000,58495500369805,58495501232456
521,28450000000,58495581139797,58495583108637
522,28500000000,58495621812016,58495622430278
523,28600000000,58495691782771,58495692531255
524,28650000000,58495763128364,58495764436701
525,28700000000,58495829842090,58495832173875
526,28800000000,58495901591887,58495903151985
527,28850000000,58495945805821,58495946818769
528,28900000000,58495993575026,58495994394862
529,28950000000,58496058115041,58496059632417
530,29000000000,58496147113819,58496148865009
531,29050000000,58496177546210,58496179139159
532,29150000000,58496272580005,58496274248288
533,29200000000,58496322766810,58496323926628
534,29250000000,58496372309909,58496374025414
535,29300000000,58496451611878,58496454305423
536,29400000000,58496535408842,58496536362456
537,29450000000,58496571877123,58496574275556
538,29500000000,58496634672281,58496637255400
539,29550000000,58496674218737,58496675115944
540,29600000000,58496739400255,58496740648796
541,29700000000,58496826467915,58496827822660
542,29700000000,58496867476487,58496868453639
543,29800000000,58496944990025,58496946350752
544,29850000000,58496980447043,58496981396176
545,29900000000,58497074890596,58497076627398
546,30000000000,58497134658653,58497136496918
547,30050000000,58497183229341,58497184747624
548,30100000000,58497229823542,58497230510062
549,30150000000,58497289742062,58497291379122
550,30200000000,58497350860493,58497351828033
551,30300000000,58497441596405,58497443495170
552,30350000000,58497474031561,58497475349158
553,30400000000,58497537960575,58497538831060
554,30500000000,58497629687676,58497630505382
555,30550000000,58497674072110,58497675212355
556,30600000000,58497726249106,58497727618036
557,30700000000,58497791916274,58497792754443
558,30750000000,58497846212535,58497847508947
559,30800000000,58497940046291,58497941311091
560,30850000000,58497985236172,58497986422565
561,30900000000,58498031081833,58498032826135
562,30950000000,58498097202021,58498098152005
563,31050000000,58498170024451,58498172533070
564,31100000000,58498220245811,58498221284759
565,31150000000,58498283268452,58498284493067
566,31250000000,58498360550785,58498361244695
567,31300000000,58498409395882,58498410052866
568,31400000000,58498499911997,58498500579499
569,31400000000,58498535002718,58498535732553
570,31500000000,58498608509224,58498609202449
571,31550000000,58498655094518,58498655797686
572,31650000000,58498722369894,58498722909266
573,31700000000,58498813855753,58498814729052
574,31750000000,58498853836600,58498854579898
575,31800000000,58498915330291,58498917615169
576,31900000000,58498977601356,58498978245543
577,31950000000,58499029126998,58499029918130
578,32000000000,58499092992030,58499093649569
579,32050000000,58499154110720,58499154912093
580,32150000000,58499246360174,58499247064695
581,32200000000,58499284897720,58499285709038
582,32250000000,58499337570218,58499338614536
583,32350000000,58499401073008,58499401811344
584,32400000000,58499490091045,58499490748621
585,32400000000,58499524697597,58499525492710
586,32500000000,58499601411928,58499602336746
587,32550000000,58499648987854,58499650081136
588,32600000000,58499722725788,58499723703587
589,32600000000,58499768276930,58499769278711
590,32600000000,58499833001428,58499833709245
591,32600000000,58499898217094,58499899107893
592,32600000000,58499953811508,58499954734270
593,32650000000,58500017694114,58500018477394
594,32700000000,58500077507078,58500078210747
595,32750000000,58500173739563,58500174575492
596,32800000000,58500221745176,58500222811327
597,32850000000,58500269034749,58500269801140
598,32900000000,58500331960316,58500332600706
599,33000000000,58500420900185,58500421610762
600,33050000000,58500467627553,58500468358444
601,33150000000,58500521803963,58500522367168
602,33200000000,58500609696662,58500610822795
603,33250000000,58500653860059,58500654520209
604,33300000000,58500719638097,58500720467174
605,33400000000,58500794410405,58500795018277
606,33450000000,58500846485696,58500847127013
607,33500000000,58500888780476,58500889428793
608,33550000000,58500970690139,58500971323122
609,33600000000,58501013501921,58501014390053
610,33700000000,58501102957144,58501103622350
611,33700000000,58501141125466,58501142184044
612,33800000000,58501198959461,58501199597223
613,33850000000,58501264152072,58501264843574
614,33900000000,58501326956916,58501327600677
615,34000000000,58501399626513,58501400303200
616,34050000000,58501445455767,58501446509529
617,34150000000,58501558783990,58501559759308
618,34200000000,58501587455728,58501588395730
619,34250000000,58501648702437,58501649452402
620,34300000000,58501697831016,58501698855760
621,34400000000,58501762906478,58501764509779
622,34450000000,58501839211753,58501839887903
623,34500000000,58501888374943,58501889436261
624,34550000000,58501949707542,58501951241676
625,34650000000,58502022217712,58502022823677
626,34700000000,58502078047034,58502079054797
627,34700000000,58502132117999,58502133163150
628,34700000000,58502191339350,58502192292909
629,34700000000,58502255686736,58502257273148
630,34750000000,58502315159310,58502316093146
631,34750000000,58502380528458,58502382055889
632,34750000000,58502438545250,58502439557939
633,34850000000,58502531589633,58502533421120
634,34850000000,58502568728212,58502570273902
635,34950000000,58502624186496,58502625675056
636,35000000000,58502716936414,58502717608972
637,35000000000,58502749894035,58502751832653
638,35100000000,58502829966767,58502830850973
639,35150000000,58502890978475,58502891725144
640,35200000000,58502939254459,58502941529466
641,35250000000,58503003311788,58503005691851
642,35350000000,58503089730243,58503092041769
643,35400000000,58503133529194,58503134964847
644,35450000000,58503184743872,58503187231973
645,35550000000,58503251712600,58503252285787
646,35600000000,58503334538487,58503336068363
647,35600000000,58503372064604,58503373212015
648,35700000000,58503447701970,58503448381268
649,35750000000,58503497976312,58503499310575
650,35850000000,58503574473106,58503575438109
651,35900000000,58503636099557,58503637388172
652,35950000000,58503679653304,58503681160346
653,36050000000,58503769183546,58503770389976
654,36050000000,58503808326427,58503809180597
655,36150000000,58503868708745,58503870206657
656,36200000000,58503961584868,58503963232577
657,36250000000,58503991436294,58503992189723
658,36300000000,58504052806486,58504053717507
659,36400000000,58504117208224,58504117819781
660,36450000000,58504195599894,58504196338267
661,36500000000,58504270285886,58504271248000
662,36550000000,58504317824886,58504318607870
663,36600000000,58504380374007,58504381484140
664,36700000000,58504428247675,58504429353826
665,36750000000,58504509366483,58504509977133
666,36800000000,58504552171802,58504553343343
667,36900000000,58504614136588,58504614993812
668,36950000000,58504696980161,58504697771737
669,37000000000,58504738862662,58504739621442
670,37050000000,58504815210918,58504816144366
671,37150000000,58504888084294,58504888887926
672,37200000000,58504937031594,58504937742615
673,37250000000,58504998302211,58504999159732
674,37300000000,58505050258633,58505051073783
675,37350000000,58505107443385,58505108316406
676,37450000000,58505196823423,58505197870574
677,37450000000,58505234829708,58505235645748
678,37550000000,58505312015504,58505312806396
679,37650000000,58505363163164,58505364107704
680,37700000000,58505448245244,58505449084432
681,37750000000,58505493062458,58505494019350
682,37800000000,58505545663325,58505546614143
683,37850000000,58505605565123,58505606236662
684,37950000000,58505695070513,58505696166017
685,38000000000,58505740067209,58505741219009
686,38050000000,58505803080535,58505803886779
687,38150000000,58505885779942,58505886746426
688,38200000000,58505916520334,58505917419485
689,38250000000,58505994898986,58505995723229
690,38300000000,58506041776558,58506042907487
691,38350000000,58506101936097,58506102714229
692,38450000000,58506187589272,58506188285533
693,38450000000,58506224427257,58506225413278
694,38550000000,58506297851115,58506298721155
695,38600000000,58506366071143,58506367220721
696,38650000000,58506422055669,58506422962635
697,38750000000,58506500035505,58506501129583
698,38800000000,58506549474252,58506550590459
699,38850000000,58506594767356,58506596159824
700,38900000000,58506688197944,58506689028669
701,38950000000,58506734028735,58506736122353
702,39000000000,58506785293006,58506786621010
703,39100000000,58506876472605,58506877542646
704,39150000000,58506909049892,58506909885580
705,39200000000,58506988951660,58506990047311
706,39300000000,58507030723364,58507032167739
707,39350000000,58507123964914,58507125137325
708,39400000000,58507168577516,58507170158040
709,39450000000,58507217920615,58507219112026
710,39500000000,58507303628641,58507304808219
711,39550000000,58507345448401,58507346567534
712,39650000000,58507432954915,58507435558664
713,39650000000,58507472450760,58507473176189
714,39750000000,58507534015841,58507534870159
715,39800000000,58507597862226,58507598738376
716,39900000000,58507690806423,58507691612166
717,39950000000,58507736971641,58507738439331
718,40000000000,58507778925087,58507779781182
719,40050000000,58507843663177,58507844322661
720,40100000000,58507908333120,58507909610883
721,40200000000,58507997483731,58507999191607
722,40250000000,58508048968836,58508050794027
723,40300000000,58508105615550,58508107181148
724,40400000000,58508161509354,58508162409505
725,40450000000,58508254506885,58508255548388
726,40450000000,58508284030829,58508285282666
727,40550000000,58508356331647,58508357454614
728,40600000000,58508400873082,58508401842900
729,40650000000,58508469692482,58508470733189
730,40700000000,58508524568579,58508525650675
731,40800000000,58508614172711,58508616404236
732,40850000000,58508647475352,58508648991208
733,40900000000,58508709977306,58508711804515
734,41000000000,58508802972133,58508804153618
735,41050000000,58508848235256,58508849272574
736,41100000000,58508900896772,58508901894164
737,41150000000,58508963228596,58508963915061
738,41250000000,58509021624149,58509022306465
739,41300000000,58509116446907,58509117241206
740,41350000000,58509166659879,58509167428585
741,41400000000,58509206786874,58509207474469
742,41450000000,58509269658385,58509270344017
743,41550000000,58509352995682,58509353698814
744,41550000000,58509400692942,58509401707723
745,41550000000,58509456699450,58509457433786
746,41550000000,58509516373896,58509517071305
747,41550000000,58509580352095,58509581065857
748,41600000000,58509644849149,58509645582355
749,41600000000,58509705772320,58509706491137
750,41650000000,58509786290442,58509787043351
751,41700000000,58509829161427,58509829843207
752,41750000000,58509892216476,58509892929997
753,41800000000,58509992809290,58509993515792
754,41850000000,58510021619472,58510022688383
755,41900000000,58510086191674,58510086903621
756,42000000000,58510156494338,58510157213840
757,42050000000,58510201512108,58510202407018
758,42100000000,58510296619497,58510297644463
759,42200000000,58510333001518,58510333717205
760,42250000000,58510415606072,58510416386667
761,42300000000,58510460683657,58510462091476
762,42350000000,58510514219139,58510517326760
763,42400000000,58510586406068,58510587385164
764,42450000000,58510633010306,58510635445758
765,42500000000,58510698833882,58510699590125
766,42600000000,58510770545143,58510771473627
767,42650000000,58510819796259,58510821347468
768,42700000000,58510882645381,58510883591366
769,42750000000,58510941704621,58510942978699
770,42850000000,58511032569053,58511034271429
771,42900000000,58511077855380,58511079512422
772,42950000000,58511134609297,58511136096543
773,43050000000,58511195134283,58511196198027
774,43100000000,58511280849828,58511282684241
775,43100000000,58511314922379,58511315883937
776,43200000000,58511392813418,58511393551161
777,43250000000,58511437407872,58511438083059
778,43350000000,58511504257247,58511504907009
779,43400000000,58511594902475,58511595956052
780,43450000000,58511640246116,58511641073471
781,43500000000,58511707059214,58511707825642
782,43600000000,58511751344704,58511752425170
783,43650000000,58511814044881,58511815113829
784,43700000000,58511903720587,58511904711145
785,43700000000,58511938294380,58511939376902
786,43800000000,58512012989243,58512013899394
787,43850000000,58512064237384,58512065300202
788,43950000000,58512130635591,58512131551687
789,44000000000,58512221195448,58512222791194
790,44050000000,58512260263181,58512261895353
791,44150000000,58512315375816,58512316360801
792,44200000000,58512372712995,58512373594850
793,44250000000,58512449216049,58512450203293
794,44300000000,58512511864152,58512513702046
795,44400000000,58512586949034,58512588226890
796,44450000000,58512635143074,58512635938187
797,44550000000,58512687295588,58512689274243
798,44600000000,58512775952809,58512777169739
799,44650000000,58512821761101,58512822755381
800,44700000000,58512871473182,58512872536426
801,44800000000,58512936683793,58512937625907
802,44850000000,58513007837441,58513008643425
803,44900000000,58513056785464,58513057706745
804,44950000000,58513120649589,58513121520851
805,45050000000,58513201114489,58513202060140
806,45150000000,58513247074262,58513248352155
807,45150000000,58513314606176,58513315996440
808,45250000000,58513382044183,58513383476613
809,45300000000,58513427185139,58513428524236
810,45400000000,58513518769703,58513519645687
811,45400000000,58513552377011,58513554696407
812,45500000000,58513617712085,58513619104775
813,45550000000,58513702165238,58513703683058
814,45550000000,58513742048529,58513743251144
815,45650000000,58513810471650,58513811462542
816,45700000000,58513858187484,58513859191043
817,45800000000,58513936092172,58513937000656
818,45850000000,58514011438167,58514012398799
819,45900000000,58514057897645,58514058802740
820,45950000000,58514106172759,58514107147614
821,46050000000,58514173403006,58514174389083
822,46100000000,58514245680805,58514246674605
823,46150000000,58514298996805,58514300062772
824,46200000000,58514359767976,58514360786776
825,46300000000,58514435294175,58514436284530
826,46400000000,58514486947966,58514487907303
827,46400000000,58514544015718,58514544915999
828,46500000000,58514632064567,58514633059478
829,46550000000,58514674396218,58514675760185
830,46650000000,58514758354054,58514759031112
831,46650000000,58514789909060,58514792295827
832,46750000000,58514855698470,58514856369398
833,46800000000,58514931091983,58514933325397
834,46850000000,58514974168339,58514976048493
835,46950000000,58515068524801,58515069946750
836,47000000000,58515115585781,58515116595858
837,47050000000,58515183705735,58515185081720
838,47100000000,58515267999405,58515269212965
839,47150000000,58515300919397,58515303358145
840,47200000000,58515347940599,58515349017806
841,47300000000,58515415804941,58515416876315
842,47350000000,58515489164207,58515490965527
843,47400000000,58515532119656,58515533052881
844,47450000000,58515628440346,58515630144721
845,47500000000,58515673418505,58515674551397
846,47550000000,58515719618353,58515720577467
847,47600000000,58515784361481,58515785622855
848,47700000000,58515850637595,58515851530691
849,47750000000,58515913369865,58515914732332
850,47800000000,58515970718489,58515971704066
851,47900000000,58516051282148,58516052678485
852,47950000000,58516096355900,58516097221328
853,48050000000,58516183501320,58516184160192
854,48050000000,58516227599291,58516228517405
855,48150000000,58516295954671,58516296711155
856,48200000000,58516340647755,58516341379776
857,48250000000,58516408396819,58516409205747
858,48350000000,58516470046530,58516470813069
859,48400000000,58516558403046,58516559014715
860,48450000000,58516591065408,58516592349523
861,48500000000,58516652607415,58516653286472
862,48600000000,58516716883819,58516717576155
863,48650000000,58516806556025,58516807448361
864,48650000000,58516849401104,58516850038069
865,48750000000,58516917935633,58516918603301
866,48800000000,58516964252388,58516965220317
867,48900000000,58517031952489,58517032921455
868,48950000000,58517103505434,58517104445826
869,49000000000,58517149077373,58517150094506
870,49050000000,58517210954566,58517211811273
871,49150000000,58517287687010,58517288579790
872,49200000000,58517335464196,58517336228124
873,49300000000,58517413572347,58517414975519
874,49350000000,58517474094407,58517477112731
875,49400000000,58517522141575,58517523577487
876,49500000000,58517612493154,58517614910180
877,49500000000,58517652354816,58517653658783
878,49600000000,58517740201368,58517741058593
879,49650000000,58517785707788,58517787261015
880,49700000000,58517837485968,58517838661324
881,49800000000,58517894049423,58517894920592
882,49850000000,58517957493306,58517958669736
883,49900000000,58518039943156,58518041005197
884,50000000000,58518111716103,58518112688995
885,50050000000,58518159355103,58518160535922
886,50100000000,58518221578668,58518222563912
887,50150000000,58518272748309,58518273988110
888,50200000000,58518374418164,58518375795205
889,50250000000,58518405742095,58518407676583
890,50300000000,58518456991589,58518457813628
891,50350000000,58518515456086,58518516513275
892,50450000000,58518579074674,58518580100436
893,50500000000,58518642920688,58518643954377
894,50550000000,58518748629889,58518749643911
895,50600000000,58518786333044,58518787036750
896,50650000000,58518830439330,58518831284332
897,50750000000,58518888872105,58518890150979
898,50800000000,58518976171396,58518977100844
899,50850000000,58519031032586,58519032300516
900,50950000000,58519102523439,58519103804925
901,51000000000,58519149067270,58519150086606
902,51050000000,58519193991910,58519195065469
903,51100000000,58519257295756,58519258291833
904,51150000000,58519325646210,58519326634825
905,51250000000,58519410333049,58519411420182
906,51250000000,58519446351384,58519447183238
907,51350000000,58519522628789,58519523549755
908,51450000000,58519579664763,58519580680433
909,51450000000,58519635206641,58519636322792
910,51550000000,58519708133109,58519709987448
911,51600000000,58519754419050,58519755916907
912,51700000000,58519835014802,58519836429899
913,51750000000,58519883275916,58519884851810
914,51800000000,58519974732239,58519976217280
915,51850000000,58520018671376,58520020749568
916,51900000000,58520068267513,58520069391498
917,52000000000,58520135099647,58520136568078
918,52050000000,58520193101829,58520194833223
919,52050000000,58520261558969,58520262736065
920,52150000000,58520331808966,58520332717950
921,52200000000,58520376195679,58520377080237
922,52300000000,58520468759449,58520469712008
923,52300000000,58520501906775,58520502874593
924,52350000000,58520559776345,58520561374294
925,52450000000,58520647746546,58520649365310
926,52450000000,58520682729340,58520683790177
927,52550000000,58520760950826,58520762303071
928,52600000000,58520807241378,58520808451122
929,52650000000,58520891516974,58520893815482
930,52750000000,58520928332071,58520929373519
931,52800000000,58521007809468,58521009731103
932,52850000000,58521073677655,58521075015622
933,52950000000,58521126676117,58521127759157
934,53000000000,58521208828837,58521210328360
935,53050000000,58521253699088,58521255448408
936,53100000000,58521309435929,58521311145619
937,53150000000,58521369026393,58521370265989
938,53250000000,58521456113498,58521456966612
939,53250000000,58521491539091,58521492571279
940,53350000000,58521564101466,58521565519378
941,53400000000,58521613861806,58521614771235
942,53450000000,58521678245248,58521679286622
943,53550000000,58521760416357,58521761297027
944,53600000000,58521831833840,58521832542027
945,53650000000,58521859960835,58521861132153
946,53700000000,58521922760142,58521923678405
947,53800000000,58521989774630,58521992068878
948,53850000000,58522085436281,58522086503580
949,53850000000,58522114035481,58522115678579
950,53950000000,58522184031959,58522185315963
951,54000000000,58522230330363,58522232090961
952,54050000000,58522297274072,58522298876096
953,54150000000,58522386200758,58522387193557
954,54200000000,58522433726443,58522436074303
955,54250000000,58522497276994,58522498254664
956,54350000000,58522572133784,58522574592513
957,54400000000,58522620383360,58522622057940
958,54500000000,58522669849034,58522671294445
959,54550000000,58522755526857,58522756222748
960,54600000000,58522802519930,58522803191062
961,54650000000,58522851426694,58522852133492
962,54750000000,58522942124477,58522942845369
963,54800000000,58522975498267,58522976403640
964,54850000000,58523058761101,58523059826808
965,54950000000,58523111713304,58523112796881
966,55000000000,58523193124929,58523194225080
967,55050000000,58523239171388,58523240150909
968,55100000000,58523328967094,58523330252728
969,55100000000,58523357335035,58523358457520
970,55100000000,58523407839674,58523409180901
971,55100000000,58523469978739,58523470742797
972,55100000000,58523536215761,58523537111745
973,55150000000,58523602450875,58523603525453
974,55150000000,58523659174645,58523660278223
975,55200000000,58523754987723,58523755695410
976,55250000000,58523800053919,58523801108793
977,55300000000,58523850553688,58523851815322
978,55350000000,58523912385863,58523913321199
979,55400000000,58523977109047,58523977758234
980,55500000000,58524063419002,58524064493098
981,55550000000,58524096751421,58524097972536
982,55600000000,58524164320781,58524164943468
983,55650000000,58524221935220,58524222595833
984,55750000000,58524280892386,58524281572999
985,55800000000,58524375885998,58524376518166
986,55850000000,58524421615122,58524422505292
987,55950000000,58524475466087,58524476561405
988,56000000000,58524561515226,58524562205321
989,56050000000,58524606267718,58524606956572
990,56100000000,58524654375017,58524655078352
991,56150000000,58524718008012,58524718972941
992,56250000000,58524807457607,58524808861815
993,56300000000,58524853461380,58524854405346
994,56350000000,58524919154049,58524920307793
995,56450000000,58524992358926,58524993043076
996,56500000000,58525047440839,58525048364934
997,56550000000,58525086662943,58525087581742
998,56600000000,58525183086930,58525184089988
999,56650000000,58525224109891,58525224772023
1000,56700000000,58525272579506,58525273250860
1001,56750000000,58525336441391,58525337064485
1002,56850000000,58525396571116,58525397342470
1003,56900000000,58525474765657,58525475784530
1004,56950000000,58525532658875,58525533761878
1005,57050000000,58525608853372,58525609823153
1006,57100000000,58525662297984,58525663220691
1007,57200000000,58525711558823,58525712452493
1008,57250000000,58525797187313,58525798097594
1009,57300000000,58525841588434,58525842677567
1010,57350000000,58525889617825,58525890550513
1011,57450000000,58525958020613,58525958834912
1012,57500000000,58526031690399,58526032627476
1013,57550000000,58526075810629,58526076532020
1014,57600000000,58526139036031,58526139701737
1015,57700000000,58526213330652,58526214168877
1016,57750000000,58526260264595,58526261220265
1017,57850000000,58526338061746,58526339109323
1018,57900000000,58526403009856,58526403908896
1019,57950000000,58526445593934,58526446504085
1020,58050000000,58526534185804,58526535156048
1021,58050000000,58526572105348,58526573113426
1022,58150000000,58526661716666,58526662638335
1023,58200000000,58526707980051,58526708870424
1024,58250000000,58526759641194,58526760507141
1025,58350000000,58526819004824,58526819874309
1026,58400000000,58526878683345,58526879586551
1027,58450000000,58526972476212,58526973795031
1028,58550000000,58527033211272,58527034092460
1029,58600000000,58527080068882,58527080682347
1030,58650000000,58527147553501,58527148753689
1031,58700000000,58527188782018,58527190318153
1032,58800000000,58527283764927,58527284815689
1033,58850000000,58527328914920,58527329595385
1034,58900000000,58527382158679,58527382797292
1035,59000000000,58527437479574,58527438132761
1036,59050000000,58527500369660,58527501085199
1037,59100000000,58527594560862,58527595232012
1038,59150000000,58527642611272,58527643236514
1039,59200000000,58527687803209,58527688484952
1040,59250000000,58527753473267,58527754086046
1041,59350000000,58527818123673,58527818840767
1042,59400000000,58527878807937,58527879744421
1043,59450000000,58527937567306,58527938255734
1044,59550000000,58528016321589,58528017384555
1045,59600000000,58528063425792,58528064426351
1046,59700000000,58528151379919,58528152388904
1047,59700000000,58528187999978,58528188985777
1048,59800000000,58528263549363,58528264240828
1049,59850000000,58528312113552,58528312888332
1050,59950000000,58528374856192,58528375745140
1051,60000000000,58528458296972,58528459347679
1052,60050000000,58528499875991,58528500852976
1053,60100000000,58528569086319,58528570063470
1054,60200000000,58528641717250,58528643052550
1055,60250000000,58528692385334,58528693421948
1056,60300000000,58528750446516,58528751417797
1057,60400000000,58528826622939,58528827513146
1058,60450000000,58528870898893,58528871882933
1059,60550000000,58528964108221,58528965171669
1060,60550000000,58529001817228,58529003077121
1061,60600000000,58529071857411,58529073848028
1062,60600000000,58529119712505,58529120495007
1063,60600000000,58529181292364,58529182333516
1064,60650000000,58529243761837,58529244776211
1065,60650000000,58529320079576,58529321200561
1066,60650000000,58529376420012,58529377451663
1067,60700000000,58529435390178,58529436394125
1068,60700000000,58529498027633,58529498961062
1069,60700000000,58529557381300,58529558260173
1070,60700000000,58529619365068,58529620369794
1071,60700000000,58529686672038,58529687562523
1072,60750000000,58529748702177,58529749765495
1073,60850000000,58529806064486,58529807039971
1074,60900000000,58529886247663,58529887321111
1075,60950000000,58529934554944,58529935609743
1076,61000000000,58529995134337,58529995882043
1077,61050000000,58530081281088,58530082336795
1078,61100000000,58530122111475,58530123203016
1079,61150000000,58530183313130,58530184465208
1080,61250000000,58530264766514,58530265690240
1081,61300000000,58530306887109,58530307838446
1082,61350000000,58530384206407,58530385243262
1083,61450000000,58530459524994,58530460421553
1084,61500000000,58530505053081,58530505963529
1085,61550000000,58530550099482,58530551053818
1086,61600000000,58530617236803,58530618294547
1087,61650000000,58530683022657,58530684133364
1088,61750000000,58530773034531,58530773936682
1089,61750000000,58530806551155,58530807776751
1090,61850000000,58530877050968,58530878096990
1091,61900000000,58530925068155,58530925962121
1092,61950000000,58531021269771,58531022340089
1093,62050000000,58531050163973,58531052612277
1094,62100000000,58531124365909,58531125915932
1095,62150000000,58531169074530,58531170173849
1096,62200000000,58531233733455,58531234657661
1097,62250000000,58531329400291,58531330405554
1098,62350000000,58531368292172,58531369913344
1099,62400000000,58531458085009,58531459745366
1100,62450000000,58531498199412,58531499119100
