elapsed_s,ov2slam_pid,process_cpu_percent
2.001,793147,9.494
4.003,793147,15.985
6.005,793147,25.479
8.008,793147,37.435
10.010,793147,46.947
12.013,793147,47.943
14.015,793147,45.445
16.017,793147,43.951
18.020,793147,45.949
20.023,793147,41.441
22.025,793147,41.453
24.027,793147,30.466
26.029,793147,34.959
28.032,793147,52.935
30.034,793147,53.935
32.037,793147,44.430
34.040,793147,48.438
36.042,793147,51.439
38.045,793147,52.928
40.047,793147,55.936
42.050,793147,50.930
44.052,793147,41.458
46.054,793147,47.446
48.057,793147,46.449
50.058,793147,40.466
52.060,793147,54.940
54.064,793147,44.423
56.067,793147,50.412
58.070,793147,52.442
60.072,793147,45.449
62.074,793147,42.950
64.077,793147,45.442
66.079,793147,44.949
68.082,793147,46.920
70.085,793147,49.442
72.087,793147,54.439
74.091,793147,51.900
76.093,793147,43.453
78.096,793147,54.931
80.098,793147,63.427
82.100,793147,51.933
84.104,793147,47.914
86.106,793147,50.948
88.108,793147,49.958
90.109,793147,45.961
92.111,793147,53.455
94.113,793147,44.448
96.116,793147,46.950
98.118,793147,49.447
100.120,793147,59.933
102.123,793147,53.428
104.126,793147,46.931
106.128,793147,53.940
108.130,793147,43.950
110.133,793147,42.445
112.135,793147,42.951
114.137,793147,40.455
116.139,793147,45.449
118.142,793147,29.467
120.145,793147,12.481
122.147,793147,4.495
124.148,793147,6.995
