role,unique_tid_count,sample_count,mean_cpu_all,std_cpu_all,mean_cpu_core_0,mean_cpu_core_1,std_cpu_core_0,std_cpu_core_1
ov2_est,1,2684,46.760,36.298,52.409,42.288,37.682,34.515
ov2_feed,1,2684,0.982,4.209,0.989,0.976,4.306,4.141
ov2_lc,1,3166,52.168,43.052,57.301,47.281,42.216,43.271
ov2_main,7,11017,20.388,23.468,22.369,19.050,24.182,22.877
ov2_map,1,3166,11.081,17.011,9.044,12.997,16.375,17.372
ov2_merge,181,1529,0.000,0.000,0.000,0.000,0.000,0.000
ov2_vizfr,5,5,0.000,0.000,0.000,0.000,0.000,0.000
ov2_vizkf,1,1,0.000,0.000,0.000,0.000,0.000,0.000
ov2slam_node_main,1,4203,0.897,5.672,1.064,0.838,5.573,5.705
