wall_time_unix,elapsed_s,launcher_pid,process_pid,last_cpu,process_cpu_percent
1780228589.283,0.053,4977,4977,3,0.000
1780228589.333,0.104,4977,4977,3,0.000
1780228589.384,0.154,4977,4977,3,0.000
1780228589.434,0.205,4977,4977,3,0.000
1780228589.487,0.257,4977,4977,3,0.000
1780228589.537,0.308,4977,4977,3,0.000
1780228589.588,0.358,4977,4977,3,0.000
1780228589.638,0.409,4977,4977,3,0.000
1780228589.689,0.459,4977,4977,3,0.000
1780228589.739,0.510,4977,4977,3,0.000
1780228589.790,0.561,4977,4977,3,0.000
1780228589.840,0.611,4977,4977,3,0.000
1780228589.895,0.665,4977,4977,0,0.000
1780228589.945,0.716,4977,4977,2,0.000
1780228589.996,0.766,4977,4977,0,0.000
1780228590.046,0.817,4977,4977,1,0.000
1780228590.097,0.867,4977,4977,1,0.000
1780228590.147,0.918,4977,4977,1,0.000
1780228590.198,0.968,4977,4977,1,19.814
1780228590.251,1.021,4977,4977,1,0.000
1780228590.303,1.073,4977,4977,2,38.480
1780228590.353,1.124,4977,4977,2,79.264
1780228590.404,1.174,4977,4977,2,99.092
1780228590.455,1.225,4977,4977,2,117.511
1780228590.505,1.276,4977,4977,2,59.286
1780228590.556,1.327,4977,4977,2,0.000
1780228590.607,1.377,4977,4977,2,0.000
1780228590.657,1.428,4977,4977,2,0.000
1780228590.708,1.479,4977,4977,2,0.000
1780228590.759,1.529,4977,4977,2,0.000
1780228590.809,1.580,4977,4977,2,0.000
1780228590.860,1.631,4977,4977,2,0.000
1780228590.911,1.681,4977,4977,2,0.000
1780228590.961,1.732,4977,4977,2,0.000
1780228591.012,1.783,4977,4977,2,0.000
1780228591.062,1.833,4977,4977,2,0.000
1780228591.113,1.884,4977,4977,2,0.000
1780228591.164,1.934,4977,4977,2,0.000
1780228591.214,1.985,4977,4977,2,0.000
1780228591.265,2.035,4977,4977,2,0.000
1780228591.315,2.086,4977,4977,2,0.000
1780228591.366,2.136,4977,4977,2,0.000
1780228591.416,2.187,4977,4977,2,0.000
1780228591.467,2.237,4977,4977,2,0.000
1780228591.518,2.288,4977,4977,2,0.000
1780228591.568,2.339,4977,4977,2,0.000
1780228591.619,2.390,4977,4977,2,0.000
1780228591.669,2.440,4977,4977,2,0.000
1780228591.720,2.491,4977,4977,2,0.000
1780228591.771,2.541,4977,4977,2,0.000
1780228591.821,2.592,4977,4977,2,0.000
1780228591.872,2.642,4977,4977,2,0.000
1780228591.922,2.693,4977,4977,2,0.000
1780228591.972,2.743,4977,4977,2,0.000
1780228592.023,2.793,4977,4977,2,0.000
1780228592.073,2.844,4977,4977,2,0.000
1780228592.124,2.894,4977,4977,2,0.000
1780228592.174,2.945,4977,4977,2,0.000
1780228592.225,2.995,4977,4977,2,0.000
1780228592.275,3.046,4977,4977,2,0.000
1780228592.326,3.096,4977,4977,2,0.000
1780228592.376,3.147,4977,4977,2,0.000
1780228592.427,3.197,4977,4977,2,0.000
1780228592.477,3.248,4977,4977,2,0.000
1780228592.527,3.298,4977,4977,2,0.000
1780228592.578,3.349,4977,4977,2,0.000
1780228592.628,3.399,4977,4977,2,0.000
1780228592.679,3.450,4977,4977,2,0.000
1780228592.729,3.500,4977,4977,2,0.000
1780228592.780,3.551,4977,4977,2,0.000
1780228592.830,3.601,4977,4977,2,0.000
1780228592.881,3.652,4977,4977,2,0.000
1780228592.931,3.702,4977,4977,2,0.000
1780228592.982,3.752,4977,4977,2,0.000
1780228593.032,3.803,4977,4977,2,0.000
1780228593.083,3.853,4977,4977,2,0.000
1780228593.133,3.904,4977,4977,2,0.000
1780228593.184,3.954,4977,4977,2,0.000
1780228593.234,4.005,4977,4977,2,0.000
1780228593.285,4.055,4977,4977,2,0.000
1780228593.335,4.106,4977,4977,2,0.000
1780228593.386,4.156,4977,4977,2,0.000
1780228593.436,4.207,4977,4977,2,0.000
1780228593.487,4.257,4977,4977,2,0.000
1780228593.537,4.308,4977,4977,2,0.000
1780228593.588,4.358,4977,4977,2,0.000
1780228593.638,4.409,4977,4977,2,0.000
1780228593.688,4.459,4977,4977,2,0.000
1780228593.739,4.510,4977,4977,2,0.000
1780228593.790,4.560,4977,4977,2,0.000
1780228593.840,4.611,4977,4977,2,0.000
1780228593.891,4.661,4977,4977,2,0.000
1780228593.941,4.712,4977,4977,2,0.000
1780228593.992,4.762,4977,4977,2,0.000
1780228594.042,4.813,4977,4977,2,0.000
1780228594.092,4.863,4977,4977,2,0.000
1780228594.143,4.914,4977,4977,2,0.000
1780228594.193,4.964,4977,4977,2,0.000
1780228594.244,5.015,4977,4977,2,0.000
1780228594.295,5.065,4977,4977,2,0.000
1780228594.345,5.116,4977,4977,2,0.000
1780228594.400,5.171,4977,4977,2,0.000
1780228594.450,5.221,4977,4977,2,0.000
1780228594.501,5.272,4977,4977,2,0.000
1780228594.551,5.322,4977,4977,2,0.000
1780228594.602,5.372,4977,4977,2,0.000
1780228594.652,5.423,4977,4977,2,0.000
1780228594.703,5.473,4977,4977,2,0.000
1780228594.753,5.524,4977,4977,2,0.000
1780228594.803,5.574,4977,4977,2,0.000
1780228594.854,5.625,4977,4977,2,0.000
1780228594.904,5.675,4977,4977,2,0.000
1780228594.955,5.725,4977,4977,2,0.000
1780228595.005,5.776,4977,4977,2,0.000
1780228595.055,5.826,4977,4977,2,0.000
1780228595.106,5.877,4977,4977,2,0.000
1780228595.156,5.927,4977,4977,2,0.000
1780228595.207,5.977,4977,4977,2,0.000
1780228595.257,6.028,4977,4977,2,0.000
1780228595.308,6.078,4977,4977,2,0.000
1780228595.358,6.129,4977,4977,2,0.000
1780228595.409,6.179,4977,4977,2,0.000
1780228595.459,6.230,4977,4977,2,0.000
1780228595.510,6.281,4977,4977,2,0.000
1780228595.561,6.331,4977,4977,2,0.000
1780228595.611,6.382,4977,4977,2,0.000
1780228595.662,6.432,4977,4977,2,0.000
1780228595.712,6.483,4977,4977,2,0.000
1780228595.763,6.534,4977,4977,2,0.000
1780228595.813,6.584,4977,4977,2,0.000
1780228595.864,6.635,4977,4977,2,0.000
1780228595.915,6.685,4977,4977,2,0.000
1780228595.965,6.736,4977,4977,2,0.000
1780228596.016,6.787,4977,4977,2,0.000
1780228596.067,6.838,4977,4977,2,0.000
1780228596.118,6.888,4977,4977,2,0.000
1780228596.168,6.939,4977,4977,2,0.000
1780228596.219,6.990,4977,4977,2,0.000
1780228596.270,7.041,4977,4977,2,0.000
1780228596.321,7.091,4977,4977,2,0.000
1780228596.371,7.142,4977,4977,2,0.000
1780228596.422,7.192,4977,4977,2,0.000
1780228596.472,7.243,4977,4977,2,0.000
1780228596.523,7.293,4977,4977,2,0.000
1780228596.573,7.344,4977,4977,2,0.000
1780228596.624,7.395,4977,4977,2,0.000
1780228596.674,7.445,4977,4977,2,0.000
1780228596.725,7.496,4977,4977,2,0.000
1780228596.776,7.546,4977,4977,2,0.000
1780228596.826,7.597,4977,4977,2,0.000
1780228596.877,7.647,4977,4977,2,0.000
1780228596.927,7.698,4977,4977,2,0.000
1780228596.978,7.748,4977,4977,2,0.000
1780228597.028,7.799,4977,4977,2,0.000
1780228597.079,7.850,4977,4977,2,0.000
1780228597.129,7.900,4977,4977,2,0.000
1780228597.180,7.951,4977,4977,2,0.000
1780228597.231,8.001,4977,4977,2,0.000
1780228597.281,8.052,4977,4977,2,0.000
1780228597.332,8.102,4977,4977,2,0.000
1780228597.382,8.153,4977,4977,2,0.000
1780228597.433,8.203,4977,4977,2,0.000
1780228597.483,8.254,4977,4977,2,0.000
1780228597.534,8.305,4977,4977,2,0.000
1780228597.584,8.355,4977,4977,2,0.000
1780228597.635,8.406,4977,4977,2,0.000
1780228597.686,8.456,4977,4977,2,0.000
1780228597.736,8.507,4977,4977,2,0.000
1780228597.787,8.557,4977,4977,2,0.000
1780228597.837,8.608,4977,4977,2,0.000
1780228597.888,8.658,4977,4977,2,0.000
1780228597.938,8.709,4977,4977,2,0.000
1780228597.989,8.760,4977,4977,2,0.000
1780228598.039,8.810,4977,4977,2,0.000
1780228598.090,8.861,4977,4977,2,0.000
1780228598.141,8.911,4977,4977,2,0.000
1780228598.191,8.962,4977,4977,2,0.000
1780228598.242,9.012,4977,4977,2,0.000
1780228598.292,9.063,4977,4977,2,0.000
1780228598.343,9.113,4977,4977,2,0.000
1780228598.393,9.164,4977,4977,2,0.000
1780228598.444,9.215,4977,4977,2,0.000
1780228598.494,9.265,4977,4977,2,0.000
1780228598.545,9.316,4977,4977,2,0.000
1780228598.596,9.366,4977,4977,2,0.000
1780228598.646,9.417,4977,4977,2,0.000
1780228598.697,9.467,4977,4977,2,0.000
1780228598.747,9.518,4977,4977,2,0.000
1780228598.798,9.568,4977,4977,2,0.000
1780228598.848,9.619,4977,4977,2,0.000
1780228598.899,9.670,4977,4977,2,0.000
1780228598.950,9.720,4977,4977,2,0.000
1780228599.000,9.771,4977,4977,2,0.000
1780228599.051,9.821,4977,4977,2,0.000
1780228599.101,9.872,4977,4977,2,0.000
1780228599.152,9.922,4977,4977,2,0.000
1780228599.202,9.973,4977,4977,2,0.000
1780228599.253,10.023,4977,4977,2,0.000
1780228599.303,10.074,4977,4977,2,0.000
1780228599.354,10.125,4977,4977,2,0.000
1780228599.405,10.175,4977,4977,2,0.000
1780228599.455,10.226,4977,4977,2,0.000
1780228599.506,10.276,4977,4977,2,0.000
1780228599.556,10.327,4977,4977,2,0.000
1780228599.607,10.377,4977,4977,2,0.000
1780228599.657,10.428,4977,4977,2,0.000
1780228599.708,10.479,4977,4977,2,0.000
1780228599.758,10.529,4977,4977,2,0.000
1780228599.809,10.580,4977,4977,2,0.000
1780228599.860,10.630,4977,4977,2,0.000
1780228599.910,10.681,4977,4977,2,0.000
1780228599.961,10.731,4977,4977,2,0.000
1780228600.011,10.782,4977,4977,2,0.000
1780228600.062,10.832,4977,4977,2,0.000
1780228600.112,10.883,4977,4977,2,0.000
1780228600.163,10.934,4977,4977,2,0.000
1780228600.213,10.984,4977,4977,2,0.000
1780228600.264,11.035,4977,4977,2,0.000
1780228600.315,11.085,4977,4977,2,0.000
1780228600.365,11.136,4977,4977,2,0.000
1780228600.416,11.186,4977,4977,2,0.000
1780228600.466,11.237,4977,4977,2,0.000
1780228600.517,11.287,4977,4977,2,0.000
1780228600.567,11.338,4977,4977,2,0.000
1780228600.618,11.389,4977,4977,2,0.000
1780228600.669,11.439,4977,4977,2,0.000
1780228600.719,11.490,4977,4977,2,0.000
1780228600.770,11.540,4977,4977,2,0.000
1780228600.820,11.591,4977,4977,2,0.000
1780228600.871,11.641,4977,4977,2,0.000
1780228600.921,11.692,4977,4977,2,0.000
1780228600.972,11.742,4977,4977,2,0.000
1780228601.022,11.793,4977,4977,2,0.000
1780228601.073,11.844,4977,4977,2,0.000
1780228601.123,11.894,4977,4977,2,0.000
1780228601.174,11.945,4977,4977,2,0.000
1780228601.224,11.995,4977,4977,2,0.000
1780228601.275,12.046,4977,4977,2,0.000
1780228601.325,12.096,4977,4977,2,0.000
1780228601.376,12.147,4977,4977,2,0.000
1780228601.426,12.197,4977,4977,2,0.000
1780228601.477,12.248,4977,4977,2,0.000
1780228601.527,12.298,4977,4977,2,0.000
1780228601.578,12.349,4977,4977,2,0.000
1780228601.628,12.399,4977,4977,2,0.000
1780228601.679,12.450,4977,4977,2,0.000
1780228601.729,12.500,4977,4977,2,0.000
1780228601.780,12.551,4977,4977,2,0.000
1780228601.830,12.601,4977,4977,2,0.000
1780228601.881,12.652,4977,4977,2,0.000
1780228601.932,12.702,4977,4977,2,0.000
1780228601.982,12.753,4977,4977,2,0.000
1780228602.033,12.803,4977,4977,2,0.000
1780228602.083,12.854,4977,4977,2,0.000
1780228602.134,12.904,4977,4977,2,0.000
1780228602.184,12.955,4977,4977,2,0.000
1780228602.235,13.005,4977,4977,2,0.000
1780228602.285,13.056,4977,4977,2,0.000
1780228602.336,13.106,4977,4977,2,0.000
1780228602.386,13.157,4977,4977,2,0.000
1780228602.437,13.207,4977,4977,2,0.000
1780228602.487,13.258,4977,4977,2,0.000
1780228602.538,13.308,4977,4977,2,0.000
1780228602.588,13.359,4977,4977,2,0.000
1780228602.639,13.409,4977,4977,2,0.000
1780228602.689,13.460,4977,4977,2,0.000
1780228602.740,13.510,4977,4977,2,0.000
1780228602.790,13.561,4977,4977,2,0.000
1780228602.841,13.611,4977,4977,2,0.000
1780228602.891,13.662,4977,4977,2,0.000
1780228602.942,13.712,4977,4977,2,0.000
1780228602.992,13.763,4977,4977,2,0.000
1780228603.043,13.813,4977,4977,2,0.000
1780228603.093,13.864,4977,4977,2,0.000
1780228603.144,13.914,4977,4977,2,0.000
1780228603.194,13.965,4977,4977,2,0.000
1780228603.245,14.015,4977,4977,2,0.000
1780228603.295,14.066,4977,4977,2,0.000
1780228603.346,14.116,4977,4977,2,0.000
1780228603.396,14.167,4977,4977,2,0.000
1780228603.447,14.217,4977,4977,2,0.000
1780228603.497,14.268,4977,4977,2,0.000
1780228603.548,14.318,4977,4977,2,0.000
1780228603.598,14.369,4977,4977,2,0.000
1780228603.649,14.419,4977,4977,2,0.000
1780228603.699,14.470,4977,4977,2,0.000
1780228603.750,14.520,4977,4977,2,0.000
1780228603.800,14.571,4977,4977,2,0.000
1780228603.851,14.621,4977,4977,2,0.000
1780228603.901,14.672,4977,4977,2,0.000
1780228603.952,14.722,4977,4977,2,0.000
1780228604.002,14.773,4977,4977,2,0.000
1780228604.053,14.824,4977,4977,2,0.000
1780228604.104,14.874,4977,4977,2,0.000
1780228604.154,14.925,4977,4977,2,0.000
1780228604.205,14.975,4977,4977,2,0.000
1780228604.255,15.026,4977,4977,2,0.000
1780228604.306,15.076,4977,4977,2,0.000
1780228604.356,15.127,4977,4977,2,0.000
1780228604.407,15.177,4977,4977,2,0.000
1780228604.457,15.228,4977,4977,2,0.000
1780228604.508,15.279,4977,4977,2,0.000
1780228604.559,15.329,4977,4977,2,0.000
1780228604.609,15.380,4977,4977,2,0.000
1780228604.660,15.430,4977,4977,2,0.000
1780228604.710,15.481,4977,4977,2,0.000
1780228604.761,15.531,4977,4977,2,0.000
1780228604.811,15.582,4977,4977,2,0.000
1780228604.862,15.633,4977,4977,2,0.000
1780228604.912,15.683,4977,4977,2,0.000
1780228604.963,15.734,4977,4977,2,0.000
1780228605.014,15.784,4977,4977,2,0.000
1780228605.064,15.835,4977,4977,2,0.000
1780228605.115,15.885,4977,4977,2,0.000
1780228605.165,15.936,4977,4977,2,0.000
1780228605.216,15.986,4977,4977,2,0.000
1780228605.266,16.037,4977,4977,2,0.000
1780228605.317,16.088,4977,4977,2,0.000
1780228605.367,16.138,4977,4977,2,0.000
1780228605.418,16.189,4977,4977,2,0.000
1780228605.468,16.239,4977,4977,2,0.000
1780228605.519,16.290,4977,4977,2,0.000
1780228605.569,16.340,4977,4977,2,0.000
1780228605.620,16.391,4977,4977,2,0.000
1780228605.671,16.441,4977,4977,2,0.000
1780228605.721,16.492,4977,4977,2,0.000
1780228605.772,16.542,4977,4977,2,0.000
1780228605.822,16.593,4977,4977,2,0.000
1780228605.873,16.643,4977,4977,2,0.000
1780228605.923,16.694,4977,4977,2,0.000
1780228605.974,16.744,4977,4977,2,0.000
1780228606.024,16.795,4977,4977,2,0.000
1780228606.075,16.845,4977,4977,2,0.000
1780228606.125,16.896,4977,4977,2,0.000
1780228606.176,16.946,4977,4977,2,0.000
1780228606.226,16.997,4977,4977,2,0.000
1780228606.277,17.047,4977,4977,2,0.000
1780228606.327,17.098,4977,4977,2,0.000
1780228606.377,17.148,4977,4977,2,0.000
1780228606.428,17.199,4977,4977,2,0.000
1780228606.479,17.249,4977,4977,2,0.000
1780228606.529,17.300,4977,4977,2,0.000
1780228606.580,17.351,4977,4977,2,0.000
1780228606.631,17.401,4977,4977,2,0.000
1780228606.681,17.452,4977,4977,2,0.000
1780228606.732,17.503,4977,4977,2,0.000
1780228606.783,17.553,4977,4977,2,0.000
1780228606.833,17.604,4977,4977,2,0.000
1780228606.884,17.655,4977,4977,2,0.000
1780228606.935,17.705,4977,4977,2,0.000
1780228606.986,17.756,4977,4977,2,0.000
1780228607.036,17.807,4977,4977,2,0.000
1780228607.087,17.858,4977,4977,2,0.000
1780228607.138,17.908,4977,4977,2,0.000
1780228607.188,17.959,4977,4977,2,0.000
1780228607.239,18.010,4977,4977,2,0.000
1780228607.290,18.060,4977,4977,2,0.000
1780228607.340,18.111,4977,4977,2,0.000
1780228607.391,18.162,4977,4977,2,0.000
1780228607.442,18.213,4977,4977,2,0.000
1780228607.493,18.263,4977,4977,2,0.000
1780228607.544,18.314,4977,4977,2,0.000
1780228607.595,18.365,4977,4977,2,0.000
1780228607.645,18.416,4977,4977,2,0.000
1780228607.696,18.467,4977,4977,2,0.000
1780228607.747,18.518,4977,4977,2,0.000
1780228607.798,18.569,4977,4977,2,0.000
1780228607.849,18.619,4977,4977,2,0.000
1780228607.899,18.670,4977,4977,2,0.000
1780228607.950,18.721,4977,4977,2,0.000
1780228608.001,18.771,4977,4977,2,0.000
1780228608.051,18.822,4977,4977,2,0.000
1780228608.102,18.873,4977,4977,2,0.000
1780228608.153,18.924,4977,4977,2,0.000
1780228608.203,18.974,4977,4977,2,0.000
1780228608.254,19.025,4977,4977,2,0.000
1780228608.305,19.076,4977,4977,2,0.000
1780228608.356,19.126,4977,4977,2,0.000
1780228608.406,19.177,4977,4977,2,0.000
1780228608.457,19.228,4977,4977,2,0.000
1780228608.508,19.279,4977,4977,2,0.000
1780228608.559,19.329,4977,4977,2,0.000
1780228608.610,19.380,4977,4977,2,0.000
1780228608.660,19.431,4977,4977,2,0.000
1780228608.711,19.481,4977,4977,2,0.000
1780228608.761,19.532,4977,4977,2,0.000
1780228608.812,19.583,4977,4977,2,0.000
1780228608.863,19.633,4977,4977,2,0.000
1780228608.914,19.685,4977,4977,2,0.000
1780228608.966,19.736,4977,4977,2,0.000
1780228609.016,19.787,4977,4977,2,0.000
1780228609.067,19.838,4977,4977,2,0.000
1780228609.118,19.888,4977,4977,2,0.000
1780228609.168,19.939,4977,4977,2,0.000
1780228609.219,19.989,4977,4977,2,0.000
1780228609.269,20.040,4977,4977,2,0.000
1780228609.320,20.091,4977,4977,2,0.000
1780228609.371,20.142,4977,4977,2,0.000
1780228609.422,20.192,4977,4977,2,0.000
1780228609.474,20.245,4977,4977,2,0.000
1780228609.529,20.300,4977,4977,2,0.000
1780228609.580,20.351,4977,4977,2,0.000
1780228609.631,20.401,4977,4977,2,0.000
1780228609.681,20.452,4977,4977,2,0.000
1780228609.732,20.503,4977,4977,2,0.000
1780228609.784,20.554,4977,4977,2,0.000
1780228609.834,20.605,4977,4977,2,0.000
1780228609.885,20.656,4977,4977,2,0.000
1780228609.937,20.708,4977,4977,2,0.000
1780228609.988,20.759,4977,4977,2,0.000
1780228610.039,20.809,4977,4977,2,0.000
1780228610.089,20.860,4977,4977,2,0.000
1780228610.140,20.911,4977,4977,2,0.000
1780228610.191,20.961,4977,4977,2,0.000
1780228610.241,21.012,4977,4977,2,0.000
1780228610.292,21.063,4977,4977,2,0.000
1780228610.343,21.113,4977,4977,2,0.000
1780228610.393,21.164,4977,4977,2,0.000
1780228610.444,21.215,4977,4977,2,0.000
1780228610.495,21.265,4977,4977,2,0.000
1780228610.545,21.316,4977,4977,2,0.000
1780228610.596,21.367,4977,4977,2,0.000
1780228610.646,21.417,4977,4977,2,0.000
1780228610.697,21.468,4977,4977,2,0.000
1780228610.748,21.519,4977,4977,2,0.000
1780228610.799,21.570,4977,4977,2,0.000
1780228610.850,21.620,4977,4977,2,0.000
1780228610.901,21.671,4977,4977,2,0.000
1780228610.951,21.722,4977,4977,2,0.000
1780228611.002,21.773,4977,4977,2,0.000
1780228611.052,21.823,4977,4977,2,0.000
1780228611.104,21.874,4977,4977,2,0.000
1780228611.154,21.925,4977,4977,2,0.000
1780228611.205,21.976,4977,4977,2,0.000
1780228611.256,22.027,4977,4977,2,0.000
1780228611.307,22.078,4977,4977,2,0.000
1780228611.358,22.128,4977,4977,2,0.000
1780228611.409,22.179,4977,4977,2,0.000
1780228611.460,22.230,4977,4977,2,0.000
1780228611.511,22.281,4977,4977,2,0.000
1780228611.562,22.332,4977,4977,2,0.000
1780228611.612,22.383,4977,4977,2,0.000
1780228611.663,22.434,4977,4977,2,0.000
1780228611.714,22.485,4977,4977,2,0.000
1780228611.765,22.536,4977,4977,2,0.000
1780228611.816,22.587,4977,4977,2,0.000
1780228611.867,22.638,4977,4977,2,0.000
1780228611.917,22.688,4977,4977,2,0.000
1780228611.968,22.739,4977,4977,2,0.000
1780228612.019,22.790,4977,4977,2,0.000
1780228612.071,22.841,4977,4977,2,0.000
1780228612.121,22.892,4977,4977,2,0.000
1780228612.172,22.943,4977,4977,2,0.000
1780228612.223,22.994,4977,4977,2,0.000
1780228612.274,23.045,4977,4977,2,0.000
1780228612.325,23.096,4977,4977,2,0.000
1780228612.376,23.147,4977,4977,2,0.000
1780228612.427,23.198,4977,4977,2,0.000
1780228612.478,23.248,4977,4977,2,0.000
1780228612.529,23.300,4977,4977,2,0.000
1780228612.580,23.351,4977,4977,2,0.000
1780228612.631,23.402,4977,4977,2,0.000
1780228612.683,23.453,4977,4977,2,0.000
1780228612.733,23.504,4977,4977,2,0.000
1780228612.784,23.555,4977,4977,2,0.000
1780228612.835,23.605,4977,4977,2,0.000
1780228612.885,23.656,4977,4977,2,0.000
1780228612.936,23.707,4977,4977,2,0.000
1780228612.987,23.757,4977,4977,2,0.000
1780228613.037,23.808,4977,4977,2,0.000
1780228613.088,23.859,4977,4977,2,0.000
1780228613.139,23.909,4977,4977,2,0.000
1780228613.189,23.960,4977,4977,2,0.000
1780228613.240,24.011,4977,4977,2,0.000
1780228613.291,24.061,4977,4977,2,0.000
1780228613.341,24.112,4977,4977,2,0.000
1780228613.392,24.163,4977,4977,2,0.000
1780228613.443,24.213,4977,4977,2,0.000
1780228613.494,24.264,4977,4977,2,0.000
1780228613.545,24.315,4977,4977,2,0.000
1780228613.595,24.366,4977,4977,2,0.000
1780228613.646,24.417,4977,4977,2,0.000
1780228613.697,24.467,4977,4977,2,0.000
1780228613.748,24.518,4977,4977,2,0.000
1780228613.798,24.569,4977,4977,2,0.000
1780228613.849,24.620,4977,4977,2,0.000
1780228613.900,24.671,4977,4977,2,0.000
1780228613.951,24.722,4977,4977,2,0.000
1780228614.002,24.773,4977,4977,2,0.000
1780228614.053,24.824,4977,4977,2,0.000
1780228614.104,24.875,4977,4977,2,0.000
1780228614.155,24.926,4977,4977,2,0.000
1780228614.206,24.976,4977,4977,2,0.000
1780228614.257,25.027,4977,4977,2,0.000
1780228614.307,25.078,4977,4977,2,0.000
1780228614.358,25.129,4977,4977,2,0.000
1780228614.409,25.179,4977,4977,2,0.000
1780228614.459,25.230,4977,4977,2,0.000
1780228614.510,25.281,4977,4977,2,0.000
1780228614.563,25.333,4977,4977,2,0.000
1780228614.615,25.385,4977,4977,2,0.000
1780228614.665,25.436,4977,4977,2,0.000
1780228614.716,25.487,4977,4977,2,0.000
1780228614.767,25.538,4977,4977,2,0.000
1780228614.818,25.589,4977,4977,2,0.000
1780228614.869,25.639,4977,4977,2,0.000
1780228614.920,25.690,4977,4977,2,0.000
1780228614.970,25.741,4977,4977,2,0.000
1780228615.021,25.792,4977,4977,2,0.000
1780228615.072,25.843,4977,4977,2,0.000
1780228615.123,25.894,4977,4977,2,0.000
1780228615.174,25.944,4977,4977,2,0.000
1780228615.224,25.995,4977,4977,2,0.000
1780228615.275,26.046,4977,4977,2,0.000
1780228615.326,26.096,4977,4977,2,0.000
1780228615.377,26.147,4977,4977,2,0.000
1780228615.427,26.198,4977,4977,2,0.000
1780228615.478,26.249,4977,4977,2,0.000
1780228615.529,26.300,4977,4977,2,0.000
1780228615.580,26.351,4977,4977,2,0.000
1780228615.633,26.404,4977,4977,2,0.000
1780228615.686,26.457,4977,4977,2,0.000
1780228615.740,26.511,4977,4977,2,0.000
1780228615.794,26.565,4977,4977,2,0.000
1780228615.845,26.616,4977,4977,2,0.000
1780228615.896,26.667,4977,4977,2,0.000
1780228615.947,26.718,4977,4977,2,0.000
1780228615.998,26.769,4977,4977,2,0.000
1780228616.050,26.820,4977,4977,2,0.000
1780228616.101,26.872,4977,4977,2,0.000
1780228616.154,26.925,4977,4977,2,0.000
1780228616.205,26.976,4977,4977,2,0.000
1780228616.256,27.026,4977,4977,2,0.000
1780228616.306,27.077,4977,4977,2,0.000
1780228616.357,27.127,4977,4977,2,0.000
1780228616.408,27.178,4977,4977,2,0.000
1780228616.458,27.229,4977,4977,2,0.000
1780228616.509,27.280,4977,4977,2,0.000
1780228616.560,27.331,4977,4977,2,0.000
1780228616.611,27.381,4977,4977,2,0.000
1780228616.661,27.432,4977,4977,2,0.000
1780228616.712,27.483,4977,4977,2,0.000
1780228616.763,27.533,4977,4977,2,0.000
1780228616.813,27.584,4977,4977,2,0.000
1780228616.864,27.635,4977,4977,2,0.000
1780228616.915,27.685,4977,4977,2,0.000
1780228616.967,27.737,4977,4977,2,0.000
1780228617.018,27.789,4977,4977,2,0.000
1780228617.069,27.839,4977,4977,2,0.000
1780228617.119,27.890,4977,4977,2,0.000
1780228617.170,27.941,4977,4977,2,0.000
1780228617.221,27.992,4977,4977,2,0.000
1780228617.273,28.044,4977,4977,2,0.000
1780228617.325,28.096,4977,4977,2,0.000
1780228617.375,28.146,4977,4977,2,0.000
1780228617.426,28.197,4977,4977,2,0.000
1780228617.477,28.248,4977,4977,2,0.000
1780228617.528,28.298,4977,4977,2,0.000
1780228617.578,28.349,4977,4977,2,0.000
1780228617.629,28.400,4977,4977,2,0.000
1780228617.680,28.450,4977,4977,2,0.000
1780228617.730,28.501,4977,4977,2,0.000
1780228617.781,28.551,4977,4977,2,0.000
1780228617.831,28.602,4977,4977,2,0.000
1780228617.882,28.653,4977,4977,2,0.000
1780228617.933,28.703,4977,4977,2,0.000
1780228617.983,28.754,4977,4977,2,0.000
1780228618.034,28.805,4977,4977,2,0.000
1780228618.089,28.859,4977,4977,2,0.000
1780228618.139,28.910,4977,4977,2,0.000
1780228618.190,28.961,4977,4977,2,0.000
1780228618.242,29.013,4977,4977,2,0.000
1780228618.296,29.066,4977,4977,2,0.000
1780228618.346,29.117,4977,4977,2,0.000
1780228618.402,29.172,4977,4977,2,0.000
1780228618.452,29.223,4977,4977,2,0.000
1780228618.504,29.274,4977,4977,2,0.000
1780228618.554,29.325,4977,4977,2,0.000
1780228618.605,29.376,4977,4977,2,0.000
1780228618.656,29.426,4977,4977,2,0.000
1780228618.707,29.477,4977,4977,2,0.000
1780228618.758,29.528,4977,4977,2,0.000
1780228618.809,29.579,4977,4977,2,0.000
1780228618.859,29.630,4977,4977,2,0.000
1780228618.911,29.681,4977,4977,2,0.000
1780228618.962,29.733,4977,4977,2,0.000
1780228619.013,29.784,4977,4977,2,0.000
1780228619.065,29.836,4977,4977,2,0.000
1780228619.117,29.887,4977,4977,2,0.000
1780228619.167,29.938,4977,4977,2,0.000
1780228619.219,29.989,4977,4977,2,0.000
1780228619.270,30.040,4977,4977,2,0.000
1780228619.321,30.092,4977,4977,2,0.000
1780228619.373,30.144,4977,4977,2,0.000
1780228619.424,30.194,4977,4977,2,0.000
1780228619.475,30.245,4977,4977,2,0.000
1780228619.525,30.296,4977,4977,2,0.000
1780228619.576,30.347,4977,4977,2,0.000
1780228619.627,30.397,4977,4977,2,0.000
1780228619.677,30.448,4977,4977,2,0.000
1780228619.728,30.499,4977,4977,2,0.000
1780228619.779,30.549,4977,4977,2,0.000
1780228619.829,30.600,4977,4977,2,0.000
1780228619.880,30.651,4977,4977,2,0.000
1780228619.931,30.702,4977,4977,2,0.000
1780228619.982,30.753,4977,4977,2,0.000
1780228620.034,30.804,4977,4977,2,0.000
1780228620.086,30.857,4977,4977,2,0.000
1780228620.137,30.908,4977,4977,2,0.000
1780228620.188,30.958,4977,4977,2,0.000
1780228620.239,31.010,4977,4977,2,0.000
1780228620.290,31.061,4977,4977,2,0.000
1780228620.341,31.112,4977,4977,2,0.000
1780228620.392,31.162,4977,4977,2,0.000
1780228620.442,31.213,4977,4977,2,0.000
1780228620.493,31.264,4977,4977,2,0.000
1780228620.544,31.315,4977,4977,2,0.000
1780228620.597,31.367,4977,4977,2,0.000
1780228620.647,31.418,4977,4977,2,0.000
1780228620.698,31.469,4977,4977,2,0.000
1780228620.749,31.520,4977,4977,2,0.000
1780228620.801,31.571,4977,4977,2,0.000
1780228620.852,31.622,4977,4977,2,0.000
1780228620.909,31.679,4977,4977,2,0.000
1780228620.961,31.731,4977,4977,2,0.000
1780228621.012,31.782,4977,4977,2,0.000
1780228621.063,31.833,4977,4977,2,0.000
1780228621.115,31.885,4977,4977,2,0.000
1780228621.167,31.937,4977,4977,2,0.000
1780228621.219,31.989,4977,4977,2,0.000
1780228621.270,32.041,4977,4977,2,0.000
1780228621.321,32.091,4977,4977,2,0.000
1780228621.372,32.143,4977,4977,2,0.000
1780228621.424,32.195,4977,4977,2,0.000
1780228621.476,32.246,4977,4977,2,0.000
1780228621.526,32.297,4977,4977,2,0.000
1780228621.577,32.348,4977,4977,2,0.000
1780228621.628,32.399,4977,4977,2,0.000
1780228621.679,32.450,4977,4977,2,0.000
1780228621.731,32.502,4977,4977,2,0.000
1780228621.783,32.554,4977,4977,2,0.000
1780228621.834,32.605,4977,4977,2,0.000
1780228621.885,32.656,4977,4977,2,0.000
1780228621.936,32.707,4977,4977,2,0.000
1780228621.987,32.758,4977,4977,2,0.000
1780228622.038,32.808,4977,4977,2,0.000
1780228622.088,32.859,4977,4977,2,0.000
1780228622.141,32.912,4977,4977,2,0.000
1780228622.192,32.963,4977,4977,2,0.000
1780228622.243,33.013,4977,4977,2,0.000
1780228622.293,33.064,4977,4977,2,0.000
1780228622.344,33.115,4977,4977,2,0.000
1780228622.395,33.166,4977,4977,2,0.000
1780228622.446,33.217,4977,4977,2,0.000
1780228622.497,33.267,4977,4977,2,0.000
1780228622.547,33.318,4977,4977,2,0.000
1780228622.598,33.369,4977,4977,2,0.000
1780228622.649,33.420,4977,4977,2,0.000
1780228622.702,33.472,4977,4977,2,0.000
1780228622.754,33.524,4977,4977,2,0.000
1780228622.805,33.575,4977,4977,2,0.000
1780228622.855,33.626,4977,4977,2,0.000
1780228622.906,33.677,4977,4977,2,0.000
1780228622.957,33.728,4977,4977,2,0.000
1780228623.008,33.779,4977,4977,2,0.000
1780228623.059,33.829,4977,4977,2,0.000
1780228623.110,33.880,4977,4977,2,0.000
1780228623.160,33.931,4977,4977,2,0.000
1780228623.211,33.982,4977,4977,2,0.000
1780228623.262,34.033,4977,4977,2,0.000
1780228623.313,34.084,4977,4977,2,0.000
1780228623.364,34.134,4977,4977,2,0.000
1780228623.415,34.185,4977,4977,2,0.000
1780228623.465,34.236,4977,4977,2,0.000
1780228623.517,34.288,4977,4977,2,0.000
1780228623.568,34.339,4977,4977,2,0.000
1780228623.619,34.390,4977,4977,2,0.000
1780228623.670,34.441,4977,4977,2,0.000
1780228623.721,34.492,4977,4977,2,0.000
1780228623.772,34.543,4977,4977,2,0.000
1780228623.823,34.593,4977,4977,2,0.000
1780228623.873,34.644,4977,4977,2,0.000
1780228623.924,34.695,4977,4977,2,0.000
1780228623.975,34.746,4977,4977,2,0.000
1780228624.027,34.797,4977,4977,2,0.000
1780228624.078,34.848,4977,4977,2,0.000
1780228624.129,34.899,4977,4977,2,0.000
1780228624.180,34.950,4977,4977,2,0.000
1780228624.230,35.001,4977,4977,2,0.000
1780228624.281,35.052,4977,4977,2,0.000
1780228624.336,35.106,4977,4977,2,0.000
1780228624.386,35.157,4977,4977,2,0.000
1780228624.437,35.208,4977,4977,2,0.000
1780228624.488,35.258,4977,4977,2,0.000
1780228624.538,35.309,4977,4977,2,0.000
1780228624.589,35.360,4977,4977,2,0.000
1780228624.640,35.410,4977,4977,2,0.000
1780228624.690,35.461,4977,4977,2,0.000
1780228624.741,35.512,4977,4977,2,0.000
1780228624.792,35.562,4977,4977,2,0.000
1780228624.843,35.613,4977,4977,2,0.000
1780228624.894,35.665,4977,4977,2,0.000
1780228624.945,35.715,4977,4977,2,0.000
1780228624.996,35.766,4977,4977,2,0.000
1780228625.046,35.817,4977,4977,2,0.000
1780228625.097,35.868,4977,4977,2,0.000
1780228625.149,35.919,4977,4977,2,0.000
1780228625.200,35.970,4977,4977,2,0.000
1780228625.251,36.021,4977,4977,2,0.000
1780228625.301,36.072,4977,4977,2,0.000
1780228625.352,36.123,4977,4977,2,0.000
1780228625.403,36.174,4977,4977,2,0.000
1780228625.454,36.224,4977,4977,2,0.000
1780228625.504,36.275,4977,4977,2,0.000
1780228625.555,36.326,4977,4977,2,0.000
1780228625.606,36.376,4977,4977,2,0.000
1780228625.656,36.427,4977,4977,2,0.000
1780228625.707,36.478,4977,4977,2,0.000
1780228625.758,36.528,4977,4977,2,0.000
1780228625.809,36.579,4977,4977,2,0.000
1780228625.860,36.631,4977,4977,2,0.000
1780228625.911,36.682,4977,4977,2,0.000
1780228625.962,36.732,4977,4977,2,0.000
1780228626.012,36.783,4977,4977,2,0.000
1780228626.063,36.834,4977,4977,2,0.000
1780228626.114,36.885,4977,4977,2,0.000
1780228626.165,36.935,4977,4977,2,0.000
1780228626.215,36.986,4977,4977,2,0.000
1780228626.267,37.037,4977,4977,2,0.000
1780228626.318,37.088,4977,4977,2,0.000
1780228626.368,37.139,4977,4977,2,0.000
1780228626.419,37.190,4977,4977,2,0.000
1780228626.470,37.241,4977,4977,2,0.000
1780228626.521,37.292,4977,4977,2,0.000
1780228626.572,37.343,4977,4977,2,0.000
1780228626.623,37.394,4977,4977,2,0.000
1780228626.674,37.445,4977,4977,2,0.000
1780228626.726,37.497,4977,4977,2,0.000
1780228626.777,37.548,4977,4977,2,0.000
1780228626.828,37.598,4977,4977,2,0.000
1780228626.879,37.649,4977,4977,2,0.000
1780228626.930,37.700,4977,4977,2,0.000
1780228626.980,37.751,4977,4977,2,0.000
1780228627.031,37.802,4977,4977,2,0.000
1780228627.082,37.853,4977,4977,2,0.000
1780228627.133,37.903,4977,4977,2,0.000
1780228627.187,37.957,4977,4977,2,0.000
1780228627.238,38.008,4977,4977,2,0.000
1780228627.288,38.059,4977,4977,2,0.000
1780228627.339,38.110,4977,4977,2,0.000
1780228627.390,38.161,4977,4977,2,0.000
1780228627.445,38.216,4977,4977,2,0.000
1780228627.498,38.269,4977,4977,2,0.000
1780228627.550,38.321,4977,4977,2,0.000
1780228627.602,38.373,4977,4977,2,0.000
1780228627.656,38.426,4977,4977,2,0.000
1780228627.708,38.479,4977,4977,2,0.000
1780228627.761,38.531,4977,4977,2,0.000
1780228627.814,38.585,4977,4977,2,0.000
1780228627.867,38.637,4977,4977,2,0.000
1780228627.927,38.697,4977,4977,2,0.000
1780228627.979,38.749,4977,4977,2,0.000
1780228628.029,38.800,4977,4977,2,0.000
1780228628.080,38.851,4977,4977,2,0.000
1780228628.137,38.908,4977,4977,2,0.000
1780228628.188,38.959,4977,4977,2,0.000
1780228628.239,39.009,4977,4977,2,0.000
1780228628.290,39.061,4977,4977,2,0.000
1780228628.342,39.112,4977,4977,2,0.000
1780228628.392,39.163,4977,4977,2,0.000
1780228628.443,39.214,4977,4977,2,0.000
1780228628.495,39.266,4977,4977,2,0.000
1780228628.547,39.318,4977,4977,2,0.000
1780228628.598,39.369,4977,4977,2,0.000
1780228628.649,39.419,4977,4977,2,0.000
1780228628.699,39.470,4977,4977,2,0.000
1780228628.750,39.521,4977,4977,2,0.000
1780228628.801,39.571,4977,4977,2,0.000
1780228628.852,39.622,4977,4977,2,0.000
1780228628.903,39.673,4977,4977,2,0.000
1780228628.953,39.724,4977,4977,2,0.000
1780228629.004,39.775,4977,4977,2,0.000
1780228629.055,39.825,4977,4977,2,0.000
1780228629.105,39.876,4977,4977,2,0.000
1780228629.156,39.927,4977,4977,2,0.000
1780228629.207,39.978,4977,4977,2,0.000
1780228629.258,40.028,4977,4977,2,0.000
1780228629.309,40.079,4977,4977,2,0.000
1780228629.360,40.131,4977,4977,2,0.000
1780228629.411,40.181,4977,4977,2,0.000
1780228629.462,40.233,4977,4977,2,0.000
1780228629.514,40.284,4977,4977,2,0.000
1780228629.564,40.335,4977,4977,2,0.000
1780228629.615,40.386,4977,4977,2,0.000
1780228629.666,40.437,4977,4977,2,0.000
1780228629.717,40.487,4977,4977,2,0.000
1780228629.768,40.538,4977,4977,2,0.000
1780228629.818,40.589,4977,4977,2,0.000
1780228629.869,40.640,4977,4977,2,0.000
1780228629.920,40.690,4977,4977,2,0.000
1780228629.970,40.741,4977,4977,2,0.000
1780228630.021,40.792,4977,4977,2,0.000
1780228630.072,40.843,4977,4977,2,0.000
1780228630.123,40.894,4977,4977,2,0.000
1780228630.174,40.945,4977,4977,2,0.000
1780228630.225,40.996,4977,4977,2,0.000
1780228630.276,41.046,4977,4977,2,0.000
1780228630.326,41.097,4977,4977,2,0.000
1780228630.377,41.147,4977,4977,2,0.000
1780228630.427,41.198,4977,4977,2,0.000
1780228630.478,41.249,4977,4977,2,0.000
1780228630.529,41.299,4977,4977,2,0.000
1780228630.579,41.350,4977,4977,2,0.000
1780228630.630,41.400,4977,4977,2,0.000
1780228630.680,41.451,4977,4977,2,0.000
1780228630.731,41.502,4977,4977,2,0.000
1780228630.782,41.552,4977,4977,2,0.000
1780228630.832,41.603,4977,4977,2,0.000
1780228630.883,41.653,4977,4977,2,0.000
1780228630.933,41.704,4977,4977,2,0.000
1780228630.984,41.755,4977,4977,2,0.000
1780228631.034,41.805,4977,4977,2,0.000
1780228631.086,41.856,4977,4977,2,0.000
1780228631.137,41.908,4977,4977,2,0.000
1780228631.188,41.959,4977,4977,2,0.000
1780228631.240,42.011,4977,4977,2,0.000
1780228631.291,42.062,4977,4977,2,0.000
1780228631.342,42.112,4977,4977,2,0.000
1780228631.397,42.168,4977,4977,2,0.000
1780228631.448,42.219,4977,4977,2,0.000
1780228631.499,42.269,4977,4977,2,0.000
1780228631.549,42.320,4977,4977,2,0.000
1780228631.600,42.371,4977,4977,2,0.000
1780228631.651,42.421,4977,4977,2,0.000
1780228631.701,42.472,4977,4977,2,0.000
1780228631.752,42.523,4977,4977,2,0.000
1780228631.804,42.574,4977,4977,2,0.000
1780228631.855,42.625,4977,4977,2,0.000
1780228631.905,42.676,4977,4977,2,0.000
1780228631.957,42.727,4977,4977,2,0.000
1780228632.007,42.778,4977,4977,2,0.000
1780228632.058,42.829,4977,4977,2,0.000
1780228632.109,42.879,4977,4977,2,0.000
1780228632.160,42.931,4977,4977,2,0.000
1780228632.211,42.981,4977,4977,2,0.000
1780228632.262,43.033,4977,4977,2,0.000
1780228632.313,43.084,4977,4977,2,0.000
1780228632.364,43.135,4977,4977,2,0.000
1780228632.415,43.186,4977,4977,2,0.000
1780228632.466,43.236,4977,4977,2,0.000
1780228632.516,43.287,4977,4977,2,0.000
1780228632.568,43.339,4977,4977,2,0.000
1780228632.619,43.389,4977,4977,2,0.000
1780228632.669,43.440,4977,4977,2,0.000
1780228632.720,43.491,4977,4977,2,0.000
1780228632.771,43.542,4977,4977,2,0.000
1780228632.822,43.592,4977,4977,2,0.000
1780228632.873,43.643,4977,4977,2,0.000
1780228632.923,43.694,4977,4977,2,0.000
1780228632.974,43.745,4977,4977,2,0.000
1780228633.025,43.795,4977,4977,2,0.000
1780228633.075,43.846,4977,4977,2,0.000
1780228633.126,43.897,4977,4977,2,0.000
1780228633.177,43.947,4977,4977,2,0.000
1780228633.227,43.998,4977,4977,2,0.000
1780228633.278,44.048,4977,4977,2,0.000
1780228633.328,44.099,4977,4977,2,0.000
1780228633.379,44.150,4977,4977,2,0.000
1780228633.430,44.201,4977,4977,2,0.000
1780228633.481,44.251,4977,4977,2,0.000
1780228633.531,44.302,4977,4977,2,0.000
1780228633.582,44.353,4977,4977,2,0.000
1780228633.633,44.403,4977,4977,2,0.000
1780228633.683,44.454,4977,4977,2,0.000
1780228633.734,44.505,4977,4977,2,0.000
1780228633.785,44.555,4977,4977,2,0.000
1780228633.836,44.606,4977,4977,2,0.000
1780228633.886,44.657,4977,4977,2,0.000
1780228633.937,44.708,4977,4977,2,0.000
1780228633.988,44.758,4977,4977,2,0.000
1780228634.038,44.809,4977,4977,2,0.000
1780228634.089,44.860,4977,4977,2,0.000
1780228634.140,44.910,4977,4977,2,0.000
1780228634.190,44.961,4977,4977,2,0.000
1780228634.241,45.012,4977,4977,2,0.000
1780228634.292,45.063,4977,4977,2,0.000
1780228634.343,45.113,4977,4977,2,0.000
1780228634.393,45.164,4977,4977,2,0.000
1780228634.444,45.215,4977,4977,2,0.000
1780228634.495,45.265,4977,4977,2,0.000
1780228634.545,45.316,4977,4977,2,0.000
1780228634.596,45.367,4977,4977,2,0.000
1780228634.647,45.417,4977,4977,2,0.000
1780228634.697,45.468,4977,4977,2,0.000
1780228634.748,45.519,4977,4977,2,0.000
1780228634.799,45.569,4977,4977,2,0.000
1780228634.849,45.620,4977,4977,2,0.000
1780228634.900,45.671,4977,4977,2,0.000
1780228634.951,45.721,4977,4977,2,0.000
1780228635.001,45.772,4977,4977,2,0.000
1780228635.052,45.823,4977,4977,2,0.000
1780228635.103,45.873,4977,4977,2,0.000
1780228635.154,45.924,4977,4977,2,0.000
1780228635.205,45.975,4977,4977,2,0.000
1780228635.256,46.026,4977,4977,2,0.000
1780228635.306,46.077,4977,4977,2,0.000
1780228635.357,46.128,4977,4977,2,0.000
1780228635.408,46.179,4977,4977,2,0.000
1780228635.459,46.230,4977,4977,2,0.000
1780228635.510,46.280,4977,4977,2,0.000
1780228635.561,46.331,4977,4977,2,0.000
1780228635.611,46.382,4977,4977,2,0.000
1780228635.662,46.433,4977,4977,2,0.000
1780228635.713,46.484,4977,4977,2,0.000
1780228635.764,46.535,4977,4977,2,0.000
1780228635.815,46.586,4977,4977,2,0.000
1780228635.865,46.636,4977,4977,2,0.000
1780228635.916,46.687,4977,4977,2,0.000
1780228635.967,46.738,4977,4977,2,0.000
1780228636.018,46.789,4977,4977,2,0.000
1780228636.069,46.840,4977,4977,2,0.000
1780228636.120,46.890,4977,4977,2,0.000
1780228636.174,46.945,4977,4977,2,0.000
1780228636.225,46.995,4977,4977,2,0.000
1780228636.276,47.046,4977,4977,2,0.000
1780228636.326,47.097,4977,4977,2,0.000
1780228636.377,47.148,4977,4977,2,0.000
1780228636.428,47.198,4977,4977,2,0.000
1780228636.478,47.249,4977,4977,2,0.000
1780228636.529,47.300,4977,4977,2,0.000
1780228636.580,47.350,4977,4977,2,0.000
1780228636.631,47.401,4977,4977,2,0.000
1780228636.686,47.456,4977,4977,2,0.000
1780228636.743,47.514,4977,4977,2,0.000
1780228636.794,47.565,4977,4977,2,0.000
1780228636.846,47.617,4977,4977,2,0.000
1780228636.897,47.668,4977,4977,2,0.000
1780228636.948,47.719,4977,4977,2,0.000
1780228636.999,47.770,4977,4977,2,0.000
1780228637.050,47.821,4977,4977,2,0.000
1780228637.101,47.872,4977,4977,2,0.000
1780228637.152,47.922,4977,4977,2,0.000
1780228637.203,47.973,4977,4977,2,0.000
1780228637.253,48.024,4977,4977,2,0.000
1780228637.304,48.075,4977,4977,2,0.000
1780228637.355,48.125,4977,4977,2,0.000
1780228637.405,48.176,4977,4977,2,0.000
1780228637.456,48.227,4977,4977,2,0.000
1780228637.507,48.277,4977,4977,2,0.000
1780228637.558,48.328,4977,4977,2,0.000
1780228637.609,48.379,4977,4977,2,0.000
1780228637.659,48.430,4977,4977,2,0.000
1780228637.710,48.481,4977,4977,2,0.000
1780228637.761,48.531,4977,4977,2,0.000
1780228637.811,48.582,4977,4977,2,0.000
1780228637.862,48.633,4977,4977,2,0.000
1780228637.969,48.740,4977,4977,2,0.000
1780228638.020,48.791,4977,4977,2,0.000
1780228638.071,48.842,4977,4977,2,0.000
1780228638.122,48.893,4977,4977,2,0.000
1780228638.173,48.944,4977,4977,2,0.000
1780228638.224,48.994,4977,4977,2,0.000
1780228638.275,49.045,4977,4977,2,0.000
1780228638.325,49.096,4977,4977,2,0.000
1780228638.376,49.147,4977,4977,2,0.000
1780228638.427,49.197,4977,4977,2,0.000
1780228638.477,49.248,4977,4977,2,0.000
1780228638.528,49.299,4977,4977,2,0.000
1780228638.579,49.349,4977,4977,2,0.000
1780228638.629,49.400,4977,4977,2,0.000
1780228638.680,49.451,4977,4977,2,0.000
1780228638.731,49.502,4977,4977,2,0.000
1780228638.782,49.552,4977,4977,2,0.000
1780228638.832,49.603,4977,4977,2,0.000
1780228638.884,49.654,4977,4977,2,0.000
1780228638.934,49.705,4977,4977,2,0.000
1780228638.985,49.756,4977,4977,2,0.000
1780228639.036,49.806,4977,4977,2,0.000
1780228639.086,49.857,4977,4977,2,0.000
1780228639.137,49.908,4977,4977,2,0.000
1780228639.188,49.958,4977,4977,2,0.000
1780228639.238,50.009,4977,4977,2,0.000
1780228639.289,50.059,4977,4977,2,0.000
1780228639.339,50.110,4977,4977,2,0.000
1780228639.390,50.161,4977,4977,2,0.000
1780228639.441,50.211,4977,4977,2,0.000
1780228639.492,50.262,4977,4977,2,0.000
1780228639.542,50.313,4977,4977,2,0.000
1780228639.593,50.364,4977,4977,2,0.000
1780228639.644,50.414,4977,4977,2,0.000
1780228639.694,50.465,4977,4977,2,0.000
1780228639.745,50.516,4977,4977,2,0.000
1780228639.796,50.567,4977,4977,2,0.000
1780228639.847,50.617,4977,4977,2,0.000
1780228639.897,50.668,4977,4977,2,0.000
1780228639.948,50.719,4977,4977,2,0.000
1780228639.999,50.770,4977,4977,2,0.000
1780228640.050,50.821,4977,4977,2,0.000
1780228640.101,50.872,4977,4977,2,0.000
1780228640.152,50.922,4977,4977,2,0.000
1780228640.203,50.974,4977,4977,2,0.000
1780228640.254,51.025,4977,4977,2,0.000
1780228640.305,51.075,4977,4977,2,0.000
1780228640.355,51.126,4977,4977,2,0.000
1780228640.406,51.177,4977,4977,2,0.000
1780228640.456,51.227,4977,4977,2,0.000
1780228640.507,51.278,4977,4977,2,0.000
1780228640.557,51.328,4977,4977,2,0.000
1780228640.609,51.380,4977,4977,2,0.000
1780228640.661,51.432,4977,4977,2,0.000
1780228640.712,51.482,4977,4977,2,0.000
1780228640.762,51.533,4977,4977,2,0.000
1780228640.813,51.584,4977,4977,2,0.000
1780228640.864,51.634,4977,4977,2,0.000
1780228640.914,51.685,4977,4977,2,0.000
1780228640.965,51.736,4977,4977,2,0.000
1780228641.016,51.786,4977,4977,2,0.000
1780228641.066,51.837,4977,4977,2,0.000
1780228641.117,51.887,4977,4977,2,0.000
1780228641.167,51.938,4977,4977,2,0.000
1780228641.218,51.989,4977,4977,2,0.000
1780228641.269,52.040,4977,4977,2,0.000
1780228641.319,52.090,4977,4977,2,0.000
1780228641.370,52.141,4977,4977,2,0.000
1780228641.421,52.192,4977,4977,2,0.000
1780228641.472,52.242,4977,4977,2,0.000
1780228641.522,52.293,4977,4977,2,0.000
1780228641.573,52.344,4977,4977,2,0.000
1780228641.624,52.394,4977,4977,2,0.000
1780228641.674,52.445,4977,4977,2,0.000
1780228641.725,52.496,4977,4977,2,0.000
1780228641.776,52.547,4977,4977,2,0.000
1780228641.827,52.597,4977,4977,2,0.000
1780228641.878,52.648,4977,4977,2,0.000
1780228641.928,52.699,4977,4977,2,0.000
1780228641.979,52.750,4977,4977,2,0.000
1780228642.030,52.801,4977,4977,2,0.000
1780228642.081,52.851,4977,4977,2,0.000
1780228642.132,52.902,4977,4977,2,0.000
1780228642.182,52.953,4977,4977,2,0.000
1780228642.233,53.004,4977,4977,2,0.000
1780228642.284,53.055,4977,4977,2,0.000
1780228642.335,53.105,4977,4977,2,0.000
1780228642.385,53.156,4977,4977,2,0.000
1780228642.436,53.207,4977,4977,2,0.000
1780228642.487,53.258,4977,4977,2,0.000
1780228642.538,53.309,4977,4977,2,0.000
1780228642.589,53.359,4977,4977,2,0.000
1780228642.640,53.411,4977,4977,2,0.000
1780228642.691,53.462,4977,4977,2,0.000
1780228642.742,53.512,4977,4977,2,0.000
1780228642.793,53.564,4977,4977,2,0.000
1780228642.845,53.616,4977,4977,2,0.000
1780228642.896,53.667,4977,4977,2,0.000
1780228642.947,53.717,4977,4977,2,0.000
1780228644.256,55.026,4977,4977,2,3.056
1780228644.306,55.077,4977,4977,2,0.000
1780228644.357,55.128,4977,4977,2,0.000
1780228644.407,55.178,4977,4977,2,0.000
1780228644.458,55.229,4977,4977,2,0.000
1780228644.508,55.279,4977,4977,2,0.000
1780228644.559,55.330,4977,4977,2,0.000
1780228644.609,55.380,4977,4977,2,0.000
1780228644.661,55.431,4977,4977,2,0.000
1780228644.711,55.482,4977,4977,2,0.000
1780228644.762,55.533,4977,4977,2,0.000
1780228644.812,55.583,4977,4977,2,0.000
1780228644.863,55.634,4977,4977,2,0.000
1780228644.913,55.684,4977,4977,2,0.000
1780228644.964,55.735,4977,4977,2,0.000
1780228645.014,55.785,4977,4977,2,0.000
1780228645.065,55.836,4977,4977,2,0.000
1780228645.116,55.886,4977,4977,2,0.000
1780228645.166,55.937,4977,4977,2,0.000
1780228645.217,55.987,4977,4977,2,0.000
1780228645.267,56.038,4977,4977,2,0.000
1780228645.318,56.089,4977,4977,2,0.000
1780228645.369,56.139,4977,4977,2,0.000
1780228645.419,56.190,4977,4977,2,0.000
1780228645.470,56.240,4977,4977,2,0.000
1780228645.520,56.291,4977,4977,2,0.000
1780228645.571,56.341,4977,4977,2,0.000
1780228645.621,56.392,4977,4977,2,0.000
1780228645.672,56.442,4977,4977,2,0.000
1780228645.722,56.493,4977,4977,2,0.000
1780228645.773,56.543,4977,4977,2,0.000
1780228645.823,56.594,4977,4977,2,0.000
1780228645.874,56.644,4977,4977,2,0.000
1780228645.924,56.695,4977,4977,2,0.000
1780228645.975,56.746,4977,4977,2,0.000
1780228646.027,56.797,4977,4977,2,0.000
1780228646.077,56.848,4977,4977,2,0.000
1780228646.129,56.899,4977,4977,2,0.000
1780228646.179,56.950,4977,4977,2,0.000
1780228646.230,57.000,4977,4977,2,0.000
1780228646.280,57.051,4977,4977,2,0.000
1780228646.331,57.101,4977,4977,2,0.000
1780228646.381,57.152,4977,4977,2,0.000
1780228646.432,57.202,4977,4977,2,0.000
1780228646.482,57.253,4977,4977,2,0.000
1780228646.532,57.303,4977,4977,2,0.000
1780228646.583,57.353,4977,4977,2,0.000
1780228646.633,57.404,4977,4977,2,0.000
1780228646.683,57.454,4977,4977,2,0.000
1780228646.734,57.504,4977,4977,2,0.000
1780228646.784,57.554,4977,4977,2,0.000
1780228646.834,57.605,4977,4977,2,0.000
1780228646.884,57.655,4977,4977,2,0.000
1780228646.935,57.705,4977,4977,2,0.000
1780228646.985,57.756,4977,4977,2,0.000
1780228647.036,57.806,4977,4977,2,0.000
1780228647.086,57.857,4977,4977,2,0.000
1780228647.136,57.907,4977,4977,2,0.000
1780228647.187,57.958,4977,4977,2,0.000
1780228647.237,58.008,4977,4977,2,0.000
1780228647.288,58.059,4977,4977,2,0.000
1780228647.338,58.109,4977,4977,2,0.000
1780228647.389,58.160,4977,4977,2,0.000
1780228647.439,58.210,4977,4977,2,0.000
1780228647.490,58.260,4977,4977,2,0.000
1780228647.540,58.311,4977,4977,2,0.000
1780228647.591,58.361,4977,4977,2,0.000
1780228647.641,58.412,4977,4977,2,0.000
1780228647.692,58.463,4977,4977,2,0.000
1780228647.743,58.514,4977,4977,2,0.000
1780228647.794,58.564,4977,4977,2,0.000
1780228647.844,58.615,4977,4977,2,0.000
1780228647.895,58.665,4977,4977,2,0.000
1780228647.945,58.716,4977,4977,2,0.000
1780228647.997,58.767,4977,4977,2,0.000
1780228652.743,63.513,4977,4977,2,0.000
1780228652.793,63.564,4977,4977,2,0.000
1780228652.844,63.614,4977,4977,2,0.000
1780228652.894,63.665,4977,4977,2,0.000
1780228652.944,63.715,4977,4977,2,0.000
1780228652.995,63.766,4977,4977,2,0.000
1780228653.050,63.821,4977,4977,2,0.000
1780228653.101,63.872,4977,4977,2,0.000
1780228653.152,63.922,4977,4977,2,0.000
1780228653.203,63.973,4977,4977,2,0.000
1780228653.253,64.024,4977,4977,2,0.000
1780228653.304,64.074,4977,4977,2,0.000
1780228653.354,64.125,4977,4977,2,0.000
1780228653.404,64.175,4977,4977,2,0.000
1780228653.455,64.226,4977,4977,2,0.000
1780228653.505,64.276,4977,4977,2,0.000
1780228653.556,64.327,4977,4977,2,0.000
1780228653.606,64.377,4977,4977,2,0.000
1780228653.657,64.428,4977,4977,2,0.000
1780228653.708,64.478,4977,4977,2,0.000
1780228653.758,64.529,4977,4977,2,0.000
1780228653.809,64.579,4977,4977,2,0.000
1780228653.859,64.630,4977,4977,2,0.000
1780228653.909,64.680,4977,4977,2,0.000
1780228653.960,64.731,4977,4977,2,0.000
1780228654.011,64.781,4977,4977,2,0.000
1780228654.061,64.832,4977,4977,2,0.000
1780228654.111,64.882,4977,4977,2,0.000
1780228654.162,64.933,4977,4977,2,0.000
1780228654.212,64.983,4977,4977,2,0.000
1780228654.267,65.037,4977,4977,2,0.000
1780228654.318,65.088,4977,4977,2,0.000
1780228654.368,65.139,4977,4977,2,0.000
1780228654.419,65.190,4977,4977,2,0.000
1780228654.471,65.241,4977,4977,2,0.000
1780228654.521,65.292,4977,4977,2,0.000
1780228654.572,65.342,4977,4977,2,0.000
1780228654.622,65.393,4977,4977,2,0.000
1780228654.673,65.443,4977,4977,2,0.000
1780228654.723,65.494,4977,4977,2,0.000
1780228654.774,65.544,4977,4977,2,0.000
1780228654.824,65.595,4977,4977,2,0.000
1780228654.874,65.645,4977,4977,2,0.000
1780228654.925,65.695,4977,4977,2,0.000
1780228654.975,65.746,4977,4977,2,0.000
1780228655.026,65.796,4977,4977,2,0.000
1780228655.076,65.847,4977,4977,2,0.000
1780228655.126,65.897,4977,4977,2,0.000
1780228655.176,65.947,4977,4977,2,0.000
1780228655.227,65.998,4977,4977,2,0.000
1780228655.277,66.048,4977,4977,2,0.000
1780228655.328,66.098,4977,4977,2,0.000
1780228655.378,66.149,4977,4977,2,0.000
1780228655.429,66.200,4977,4977,2,0.000
1780228655.479,66.250,4977,4977,2,0.000
1780228655.530,66.301,4977,4977,2,0.000
1780228655.581,66.351,4977,4977,2,0.000
1780228655.631,66.402,4977,4977,2,0.000
1780228655.681,66.452,4977,4977,2,0.000
1780228655.732,66.503,4977,4977,2,0.000
1780228655.783,66.553,4977,4977,2,0.000
1780228655.833,66.604,4977,4977,2,0.000
1780228655.884,66.654,4977,4977,2,0.000
1780228655.934,66.705,4977,4977,2,0.000
1780228655.985,66.755,4977,4977,2,0.000
1780228656.035,66.806,4977,4977,2,0.000
1780228656.085,66.856,4977,4977,2,0.000
1780228656.136,66.907,4977,4977,2,0.000
1780228656.186,66.957,4977,4977,2,0.000
1780228656.237,67.008,4977,4977,2,0.000
1780228656.287,67.058,4977,4977,2,0.000
1780228656.338,67.109,4977,4977,2,0.000
1780228656.388,67.159,4977,4977,2,0.000
1780228656.439,67.210,4977,4977,2,0.000
1780228656.489,67.260,4977,4977,2,0.000
1780228656.540,67.310,4977,4977,2,0.000
1780228656.590,67.361,4977,4977,2,0.000
1780228656.641,67.411,4977,4977,2,0.000
1780228656.691,67.462,4977,4977,2,0.000
1780228656.742,67.512,4977,4977,2,0.000
1780228656.792,67.563,4977,4977,2,0.000
1780228656.843,67.613,4977,4977,2,0.000
1780228656.893,67.664,4977,4977,2,0.000
1780228656.944,67.714,4977,4977,2,0.000
1780228656.994,67.765,4977,4977,2,0.000
1780228657.045,67.815,4977,4977,2,0.000
1780228657.096,67.866,4977,4977,2,0.000
1780228657.146,67.917,4977,4977,2,0.000
1780228657.202,67.972,4977,4977,2,0.000
1780228657.252,68.023,4977,4977,2,0.000
1780228657.303,68.073,4977,4977,2,0.000
1780228657.353,68.124,4977,4977,2,0.000
1780228657.404,68.174,4977,4977,2,0.000
1780228657.454,68.225,4977,4977,2,0.000
1780228657.505,68.276,4977,4977,2,0.000
1780228657.555,68.326,4977,4977,2,0.000
1780228657.606,68.376,4977,4977,2,0.000
1780228657.656,68.427,4977,4977,2,0.000
1780228657.707,68.477,4977,4977,2,0.000
1780228657.757,68.528,4977,4977,2,0.000
1780228657.807,68.578,4977,4977,2,0.000
1780228657.858,68.629,4977,4977,2,0.000
1780228657.908,68.679,4977,4977,2,0.000
1780228657.959,68.729,4977,4977,2,0.000
1780228658.009,68.780,4977,4977,2,0.000
1780228658.062,68.832,4977,4977,2,0.000
1780228658.112,68.883,4977,4977,2,0.000
1780228658.163,68.933,4977,4977,2,0.000
1780228658.213,68.984,4977,4977,2,0.000
1780228658.264,69.035,4977,4977,2,0.000
1780228658.314,69.085,4977,4977,2,0.000
1780228658.365,69.136,4977,4977,2,0.000
1780228658.415,69.186,4977,4977,2,0.000
1780228658.466,69.237,4977,4977,2,0.000
1780228658.517,69.287,4977,4977,2,0.000
1780228658.567,69.338,4977,4977,2,0.000
1780228658.618,69.388,4977,4977,2,0.000
1780228658.668,69.439,4977,4977,2,0.000
1780228658.718,69.489,4977,4977,2,0.000
1780228658.769,69.540,4977,4977,2,0.000
1780228658.819,69.590,4977,4977,2,0.000
1780228658.870,69.641,4977,4977,2,0.000
1780228658.921,69.691,4977,4977,2,0.000
1780228658.971,69.742,4977,4977,2,0.000
1780228659.021,69.792,4977,4977,2,0.000
1780228659.072,69.843,4977,4977,2,0.000
1780228659.123,69.893,4977,4977,2,0.000
1780228659.173,69.944,4977,4977,2,0.000
1780228659.224,69.994,4977,4977,2,0.000
1780228659.274,70.045,4977,4977,2,0.000
1780228659.325,70.096,4977,4977,2,0.000
1780228659.376,70.146,4977,4977,2,0.000
1780228659.426,70.197,4977,4977,2,0.000
1780228659.476,70.247,4977,4977,2,0.000
1780228659.527,70.297,4977,4977,2,0.000
1780228659.577,70.348,4977,4977,2,0.000
1780228659.627,70.398,4977,4977,2,0.000
1780228659.677,70.448,4977,4977,2,0.000
1780228659.728,70.498,4977,4977,2,0.000
1780228659.778,70.549,4977,4977,2,0.000
1780228659.828,70.599,4977,4977,2,0.000
1780228659.879,70.649,4977,4977,2,0.000
1780228659.929,70.700,4977,4977,2,0.000
1780228659.980,70.750,4977,4977,2,0.000
1780228660.030,70.801,4977,4977,2,0.000
1780228660.081,70.851,4977,4977,2,0.000
1780228660.132,70.902,4977,4977,2,0.000
1780228660.182,70.953,4977,4977,2,0.000
1780228660.233,71.003,4977,4977,2,0.000
1780228660.283,71.054,4977,4977,2,0.000
1780228660.333,71.104,4977,4977,2,0.000
1780228660.384,71.155,4977,4977,2,0.000
1780228660.434,71.205,4977,4977,2,0.000
1780228660.485,71.255,4977,4977,2,0.000
1780228660.535,71.306,4977,4977,2,0.000
1780228660.586,71.357,4977,4977,2,0.000
1780228660.637,71.408,4977,4977,2,0.000
1780228660.688,71.459,4977,4977,2,0.000
1780228660.739,71.510,4977,4977,2,0.000
1780228660.790,71.561,4977,4977,2,0.000
1780228660.841,71.612,4977,4977,2,0.000
1780228660.892,71.663,4977,4977,2,0.000
1780228660.942,71.713,4977,4977,2,0.000
1780228660.993,71.763,4977,4977,2,0.000
1780228661.043,71.814,4977,4977,2,0.000
1780228661.094,71.864,4977,4977,2,0.000
1780228661.144,71.915,4977,4977,2,0.000
1780228661.195,71.965,4977,4977,2,0.000
1780228661.245,72.016,4977,4977,2,0.000
1780228661.296,72.066,4977,4977,2,0.000
1780228661.346,72.116,4977,4977,2,0.000
1780228661.396,72.167,4977,4977,2,0.000
1780228661.447,72.217,4977,4977,2,0.000
1780228661.497,72.268,4977,4977,2,0.000
1780228661.547,72.318,4977,4977,2,0.000
1780228661.597,72.368,4977,4977,2,0.000
1780228661.648,72.418,4977,4977,2,0.000
1780228661.698,72.469,4977,4977,2,0.000
1780228661.748,72.519,4977,4977,2,0.000
1780228661.799,72.569,4977,4977,2,0.000
1780228661.849,72.619,4977,4977,2,0.000
1780228661.899,72.670,4977,4977,2,0.000
1780228661.949,72.720,4977,4977,2,0.000
1780228662.000,72.770,4977,4977,2,0.000
1780228662.050,72.820,4977,4977,2,0.000
1780228662.100,72.871,4977,4977,2,0.000
1780228662.151,72.921,4977,4977,2,0.000
1780228662.201,72.972,4977,4977,2,0.000
1780228662.252,73.022,4977,4977,2,0.000
1780228662.302,73.073,4977,4977,2,0.000
1780228662.353,73.123,4977,4977,2,0.000
1780228662.403,73.174,4977,4977,2,0.000
1780228662.453,73.224,4977,4977,2,0.000
1780228662.504,73.275,4977,4977,2,0.000
1780228662.555,73.325,4977,4977,2,0.000
1780228662.605,73.376,4977,4977,2,0.000
1780228662.656,73.426,4977,4977,2,0.000
1780228662.706,73.477,4977,4977,2,0.000
1780228662.757,73.527,4977,4977,2,0.000
1780228662.807,73.578,4977,4977,2,0.000
1780228662.857,73.628,4977,4977,2,0.000
1780228662.908,73.678,4977,4977,2,0.000
1780228662.959,73.729,4977,4977,2,0.000
1780228663.009,73.780,4977,4977,2,0.000
1780228663.061,73.832,4977,4977,2,0.000
1780228663.112,73.882,4977,4977,2,0.000
1780228663.162,73.933,4977,4977,2,0.000
1780228663.212,73.983,4977,4977,2,0.000
1780228663.263,74.034,4977,4977,2,0.000
1780228663.314,74.084,4977,4977,2,0.000
1780228663.364,74.135,4977,4977,2,0.000
1780228663.415,74.185,4977,4977,2,0.000
1780228663.465,74.236,4977,4977,2,0.000
1780228663.516,74.287,4977,4977,2,0.000
1780228663.567,74.337,4977,4977,2,0.000
1780228663.617,74.388,4977,4977,2,0.000
1780228663.668,74.438,4977,4977,2,0.000
1780228663.718,74.489,4977,4977,2,0.000
1780228663.769,74.539,4977,4977,2,0.000
1780228663.819,74.590,4977,4977,2,0.000
1780228663.870,74.640,4977,4977,2,0.000
1780228663.920,74.691,4977,4977,2,0.000
1780228663.971,74.741,4977,4977,2,0.000
1780228664.021,74.792,4977,4977,2,0.000
1780228664.074,74.845,4977,4977,2,0.000
1780228664.125,74.896,4977,4977,2,0.000
1780228664.176,74.946,4977,4977,2,0.000
1780228664.226,74.997,4977,4977,2,0.000
1780228664.277,75.047,4977,4977,2,0.000
1780228664.327,75.098,4977,4977,2,0.000
1780228664.378,75.148,4977,4977,2,0.000
1780228664.428,75.199,4977,4977,2,0.000
1780228664.478,75.249,4977,4977,2,0.000
1780228664.529,75.300,4977,4977,2,0.000
1780228664.579,75.350,4977,4977,2,0.000
1780228664.630,75.400,4977,4977,2,0.000
1780228664.680,75.451,4977,4977,2,0.000
1780228664.730,75.501,4977,4977,2,0.000
1780228664.781,75.551,4977,4977,2,0.000
1780228664.831,75.602,4977,4977,2,0.000
1780228664.881,75.652,4977,4977,2,0.000
1780228664.932,75.702,4977,4977,2,0.000
1780228664.982,75.753,4977,4977,2,0.000
1780228665.032,75.803,4977,4977,2,0.000
1780228665.083,75.853,4977,4977,2,0.000
1780228665.133,75.904,4977,4977,2,0.000
1780228665.183,75.954,4977,4977,2,0.000
1780228665.234,76.004,4977,4977,2,0.000
1780228665.284,76.055,4977,4977,2,0.000
1780228665.334,76.105,4977,4977,2,0.000
1780228665.385,76.156,4977,4977,2,0.000
1780228665.435,76.206,4977,4977,2,0.000
1780228665.486,76.256,4977,4977,2,0.000
1780228665.536,76.306,4977,4977,2,0.000
1780228665.586,76.357,4977,4977,2,0.000
1780228665.636,76.407,4977,4977,2,0.000
1780228665.687,76.457,4977,4977,2,0.000
1780228665.737,76.508,4977,4977,2,0.000
1780228665.787,76.558,4977,4977,2,0.000
1780228665.838,76.608,4977,4977,2,0.000
1780228665.888,76.659,4977,4977,2,0.000
1780228665.938,76.709,4977,4977,2,0.000
1780228665.989,76.759,4977,4977,2,0.000
1780228666.039,76.810,4977,4977,2,0.000
1780228666.089,76.860,4977,4977,2,0.000
1780228666.140,76.911,4977,4977,2,0.000
1780228666.190,76.961,4977,4977,2,0.000
1780228666.241,77.012,4977,4977,2,0.000
1780228666.291,77.062,4977,4977,2,0.000
1780228666.342,77.112,4977,4977,2,0.000
1780228666.392,77.163,4977,4977,2,0.000
1780228666.442,77.213,4977,4977,2,0.000
1780228666.493,77.263,4977,4977,2,0.000
1780228666.543,77.314,4977,4977,2,0.000
1780228666.593,77.364,4977,4977,2,0.000
1780228666.644,77.414,4977,4977,2,0.000
1780228666.694,77.465,4977,4977,2,0.000
1780228666.745,77.516,4977,4977,2,0.000
1780228666.796,77.566,4977,4977,2,0.000
1780228666.846,77.617,4977,4977,2,0.000
1780228666.897,77.667,4977,4977,2,0.000
1780228666.947,77.718,4977,4977,2,0.000
1780228666.998,77.769,4977,4977,2,0.000
1780228667.048,77.819,4977,4977,2,0.000
1780228667.099,77.870,4977,4977,2,0.000
1780228667.151,77.921,4977,4977,2,0.000
1780228667.201,77.972,4977,4977,2,0.000
1780228667.252,78.022,4977,4977,2,0.000
1780228667.302,78.073,4977,4977,2,0.000
1780228667.353,78.123,4977,4977,2,0.000
1780228667.403,78.174,4977,4977,2,0.000
1780228667.453,78.224,4977,4977,2,0.000
1780228667.504,78.274,4977,4977,2,0.000
1780228667.554,78.325,4977,4977,2,0.000
1780228667.604,78.375,4977,4977,2,0.000
1780228667.654,78.425,4977,4977,2,0.000
1780228667.705,78.475,4977,4977,2,0.000
1780228667.755,78.525,4977,4977,2,0.000
1780228667.805,78.576,4977,4977,2,0.000
1780228667.855,78.626,4977,4977,2,0.000
1780228667.905,78.676,4977,4977,2,0.000
1780228667.956,78.726,4977,4977,2,0.000
1780228668.006,78.777,4977,4977,2,0.000
1780228668.056,78.827,4977,4977,2,0.000
1780228668.106,78.877,4977,4977,2,0.000
1780228668.157,78.927,4977,4977,2,0.000
1780228668.207,78.978,4977,4977,2,0.000
1780228668.257,79.028,4977,4977,2,0.000
1780228668.307,79.078,4977,4977,2,0.000
1780228668.358,79.128,4977,4977,2,0.000
1780228668.408,79.178,4977,4977,2,0.000
1780228668.458,79.229,4977,4977,2,0.000
1780228668.508,79.279,4977,4977,2,0.000
1780228668.560,79.331,4977,4977,2,0.000
1780228668.610,79.381,4977,4977,2,0.000
1780228668.661,79.431,4977,4977,2,0.000
1780228668.711,79.482,4977,4977,2,0.000
1780228668.761,79.532,4977,4977,2,0.000
1780228668.811,79.582,4977,4977,2,0.000
1780228668.862,79.632,4977,4977,2,0.000
1780228668.912,79.683,4977,4977,2,0.000
1780228668.962,79.733,4977,4977,2,0.000
1780228669.013,79.783,4977,4977,2,0.000
1780228669.063,79.833,4977,4977,2,0.000
1780228669.113,79.884,4977,4977,2,0.000
1780228669.163,79.934,4977,4977,2,0.000
1780228669.214,79.984,4977,4977,2,0.000
1780228669.264,80.034,4977,4977,2,0.000
1780228669.314,80.085,4977,4977,2,0.000
1780228669.364,80.135,4977,4977,2,0.000
1780228669.415,80.185,4977,4977,2,0.000
1780228669.467,80.237,4977,4977,2,0.000
1780228669.517,80.288,4977,4977,2,0.000
1780228669.568,80.338,4977,4977,2,0.000
1780228669.618,80.389,4977,4977,2,0.000
1780228669.668,80.439,4977,4977,2,0.000
1780228669.718,80.489,4977,4977,2,0.000
1780228669.769,80.539,4977,4977,2,0.000
1780228669.819,80.589,4977,4977,2,0.000
1780228669.869,80.640,4977,4977,2,0.000
1780228669.919,80.690,4977,4977,2,0.000
1780228669.969,80.740,4977,4977,2,0.000
1780228670.020,80.790,4977,4977,2,0.000
1780228670.070,80.841,4977,4977,2,0.000
1780228670.120,80.891,4977,4977,2,0.000
1780228670.198,80.968,4977,4977,2,0.000
1780228670.248,81.019,4977,4977,2,0.000
1780228670.298,81.069,4977,4977,2,0.000
1780228670.349,81.119,4977,4977,2,0.000
1780228670.399,81.169,4977,4977,2,0.000
1780228670.449,81.220,4977,4977,2,0.000
1780228670.499,81.270,4977,4977,2,0.000
1780228670.550,81.320,4977,4977,2,0.000
1780228670.600,81.370,4977,4977,2,0.000
1780228670.650,81.421,4977,4977,2,0.000
1780228670.700,81.471,4977,4977,2,0.000
1780228670.751,81.521,4977,4977,2,0.000
1780228670.801,81.571,4977,4977,2,0.000
1780228670.851,81.622,4977,4977,2,0.000
1780228670.901,81.672,4977,4977,2,0.000
1780228670.951,81.722,4977,4977,2,0.000
1780228671.002,81.772,4977,4977,2,0.000
1780228671.052,81.822,4977,4977,2,0.000
1780228671.102,81.873,4977,4977,2,0.000
1780228671.152,81.923,4977,4977,2,0.000
1780228671.202,81.973,4977,4977,2,0.000
1780228671.253,82.023,4977,4977,2,0.000
1780228671.303,82.074,4977,4977,2,0.000
1780228671.353,82.124,4977,4977,2,0.000
1780228671.403,82.174,4977,4977,2,0.000
1780228671.454,82.224,4977,4977,2,0.000
1780228671.504,82.275,4977,4977,2,0.000
1780228671.554,82.325,4977,4977,2,0.000
1780228671.604,82.375,4977,4977,2,0.000
1780228671.655,82.425,4977,4977,2,0.000
1780228671.705,82.475,4977,4977,2,0.000
1780228671.755,82.526,4977,4977,2,0.000
1780228671.805,82.576,4977,4977,2,0.000
1780228671.855,82.626,4977,4977,2,0.000
1780228671.906,82.676,4977,4977,2,0.000
1780228671.956,82.727,4977,4977,2,0.000
1780228672.006,82.777,4977,4977,2,0.000
1780228672.057,82.827,4977,4977,2,0.000
1780228672.107,82.878,4977,4977,2,0.000
1780228672.157,82.928,4977,4977,2,0.000
1780228672.208,82.978,4977,4977,2,0.000
1780228672.258,83.029,4977,4977,2,0.000
1780228672.308,83.079,4977,4977,2,0.000
1780228672.359,83.129,4977,4977,2,0.000
1780228672.409,83.180,4977,4977,2,0.000
1780228672.459,83.230,4977,4977,2,0.000
1780228672.510,83.280,4977,4977,2,0.000
1780228672.560,83.331,4977,4977,2,0.000
1780228672.611,83.381,4977,4977,2,0.000
1780228672.661,83.432,4977,4977,2,0.000
1780228672.711,83.482,4977,4977,2,0.000
1780228672.762,83.532,4977,4977,2,0.000
1780228672.812,83.582,4977,4977,2,0.000
1780228672.862,83.633,4977,4977,2,0.000
1780228672.912,83.683,4977,4977,2,0.000
1780228672.963,83.733,4977,4977,2,0.000
1780228673.013,83.784,4977,4977,2,0.000
1780228673.063,83.834,4977,4977,2,0.000
1780228673.114,83.884,4977,4977,2,0.000
1780228673.164,83.935,4977,4977,2,0.000
1780228673.214,83.985,4977,4977,2,0.000
1780228673.265,84.035,4977,4977,2,0.000
1780228673.315,84.086,4977,4977,2,0.000
1780228673.365,84.136,4977,4977,2,0.000
1780228673.416,84.186,4977,4977,2,0.000
1780228673.466,84.237,4977,4977,2,0.000
1780228673.516,84.287,4977,4977,2,0.000
1780228673.567,84.338,4977,4977,2,0.000
1780228673.617,84.388,4977,4977,2,0.000
1780228673.667,84.438,4977,4977,2,0.000
1780228673.718,84.489,4977,4977,2,0.000
1780228673.768,84.539,4977,4977,2,0.000
1780228673.819,84.589,4977,4977,2,0.000
1780228673.869,84.640,4977,4977,2,0.000
1780228673.919,84.690,4977,4977,2,0.000
1780228673.970,84.740,4977,4977,2,0.000
1780228674.020,84.790,4977,4977,2,0.000
1780228674.070,84.841,4977,4977,2,0.000
1780228674.121,84.891,4977,4977,2,0.000
1780228674.171,84.942,4977,4977,2,0.000
1780228674.221,84.992,4977,4977,2,0.000
1780228674.272,85.042,4977,4977,2,0.000
1780228674.322,85.093,4977,4977,2,0.000
1780228674.372,85.143,4977,4977,2,0.000
1780228674.423,85.193,4977,4977,2,0.000
1780228674.473,85.244,4977,4977,2,0.000
1780228674.523,85.294,4977,4977,2,0.000
1780228674.574,85.344,4977,4977,2,0.000
